ImageId,EncodedPixels
259b35151d4a7a5ffdd7ab7f171b142db8cfe40beeee67277fac6adca4d042c4,243 1
259b35151d4a7a5ffdd7ab7f171b142db8cfe40beeee67277fac6adca4d042c4,248 28 761 27 1272 28 1778 3 1784 28 2287 37 2797 38 3308 37 3820 36 4331 35 4844 32 5363 12 5376 9 5879 1 5881 2 5889 4
259b35151d4a7a5ffdd7ab7f171b142db8cfe40beeee67277fac6adca4d042c4,2772 4 3284 5 3795 8 4307 9 4819 9 5332 9 5836 4 5843 12 6346 8 6355 15 6856 28 7368 29 7878 32 8387 3 8391 1 8393 30 8897 6 8904 1 8906 30 9408 9 9418 30 9920 40 10431 41 10942 43 11453 38 11492 1 11496 1 11964 39 12008 10 12476 40 12522 8 12987 42 13036 3 13040 1 13499 43 14012 41 14524 42 15037 40 15550 38 16063 36 16576 26 16605 6 17088 26 17120 1 17601 25 18114 24 18626 24 19138 25 19651 26 20163 27 20676 29 21188 33 21701 33 22213 34 22726 33 23238 32 23751 30 24265 21 24779 17 25292 15 25806 12 26322 7
259b35151d4a7a5ffdd7ab7f171b142db8cfe40beeee67277fac6adca4d042c4,18495 5 19006 8 19517 8 20029 9 20539 9 21050 1 21052 1 21054 5 21064 5 21560 6 21576 6 22070 7 22082 1 22086 9 22582 7 22593 14 23094 7 23104 16 23606 7 23614 18 24118 27 24631 26 25144 25 25658 23 26168 25 26672 33 27182 35 27693 36 28203 38 28714 39 29226 38 29737 39 30249 38 30760 39 31272 38 31784 37 32296 36 32808 35 33320 35 33832 34 34344 33 34856 31 35369 29 35881 27 36394 24 36907 20 37420 18 37933 14 38447 10
259b35151d4a7a5ffdd7ab7f171b142db8cfe40beeee67277fac6adca4d042c4,24398 3 24909 3 25421 2
259b35151d4a7a5ffdd7ab7f171b142db8cfe40beeee67277fac6adca4d042c4,26860 7 27368 17 27879 20 28388 25 28423 10 28897 31 28929 19 29408 54 29919 7 29927 49 30430 7 30442 3 30446 1 30448 42 30941 6 30963 40 31452 6 31476 39 31963 6 31974 3 31988 1 31990 37 32472 9 32485 5 32499 41 32983 1 32985 47 33033 19 33496 68 34008 69 34519 70 35031 71 35542 72 36054 73 36562 1 36564 30 36596 1 36598 43 37069 37 37111 44 37580 39 37624 44 38092 40 38137 44 38604 41 38650 43 39116 41 39162 43 39628 41 39675 43 40140 41 40188 41 40652 40 40700 41 41164 40 41212 38 41676 42 41720 1 41724 1 41726 1 41728 29 42188 49 42241 28 42700 49 42753 27 43213 79 43725 78 44238 77 44752 75 45265 73 45778 72 46291 71 46803 12 46818 56 47316 12 47331 55 47830 69 48343 64 48408 1 48856 61 48920 2 49369 60 49882 58 50395 54 50908 50 51421 47 51936 6 51943 1 51945 32 52459 28 52975 22 53490 15 54005 8 54519 3
259b35151d4a7a5ffdd7ab7f171b142db8cfe40beeee67277fac6adca4d042c4,29339 5 29850 7 30362 10 30873 19 31384 21 31896 22 32407 23 32919 24 33431 24 33943 26 34455 33 34967 34 35478 36 35989 38 36499 41 37010 42 37521 44 38033 11 38047 30 38545 9 38560 29 39058 6 39072 29 39570 4 39584 29 40096 28 40606 7 40621 15 41115 11 41134 14 41626 13 41646 14 42138 15 42154 1 42158 15 42174 1 42649 38 43161 39 43673 40 44186 39 44699 38 45212 37 45724 37 46238 35 46749 36 47261 36 47774 35 48287 34 48784 7 48800 33 49294 11 49313 32 49804 14 49826 30 50317 14 50338 30 50828 17 50849 20 50875 4 51341 19 51361 20 51387 3 51854 39 52366 38 52879 6 52886 30 53392 4 53398 10 53411 16 53904 4 53910 9 53925 14 54422 9 54438 13 54934 7 54953 10 55447 5 55468 8 55959 4 55981 7 56472 1 56474 1 56494 6 57007 3
259b35151d4a7a5ffdd7ab7f171b142db8cfe40beeee67277fac6adca4d042c4,32979 3 33491 2
259b35151d4a7a5ffdd7ab7f171b142db8cfe40beeee67277fac6adca4d042c4,34650 3 35161 5 35672 6 36184 6 36697 5 37209 5 37722 4
259b35151d4a7a5ffdd7ab7f171b142db8cfe40beeee67277fac6adca4d042c4,43059 4 43572 3
259b35151d4a7a5ffdd7ab7f171b142db8cfe40beeee67277fac6adca4d042c4,46918 3 47431 1
259b35151d4a7a5ffdd7ab7f171b142db8cfe40beeee67277fac6adca4d042c4,47423 3 47427 1 47930 10 48440 12 48952 12 49464 12 49976 12 50488 13 51000 13 51512 14 52024 14 52544 6 53058 3
259b35151d4a7a5ffdd7ab7f171b142db8cfe40beeee67277fac6adca4d042c4,53555 6 54065 9 54576 10 55088 11 55600 11 56112 11 56624 9 57139 1
259b35151d4a7a5ffdd7ab7f171b142db8cfe40beeee67277fac6adca4d042c4,54915 1 55421 8 55931 11 56440 13 56951 14 57462 15 57973 16 58484 16 58996 15 59507 14 60018 12 60530 10 61041 9 61553 9 62064 11 62576 12 63088 13 63601 12 64113 12 64627 8
259b35151d4a7a5ffdd7ab7f171b142db8cfe40beeee67277fac6adca4d042c4,59195 6 59705 9 60215 11 60727 12 61238 13 61751 12 62263 12 62784 3
259b35151d4a7a5ffdd7ab7f171b142db8cfe40beeee67277fac6adca4d042c4,63323 1 63833 5 64345 5 64856 6 65367 7 65875 4 65880 6 66388 4 66393 5 66906 3 67417 3 67929 4 68441 4 68954 3 69467 1
259b35151d4a7a5ffdd7ab7f171b142db8cfe40beeee67277fac6adca4d042c4,63811 1 64322 3 64833 5 65344 6 65855 7 66366 8 66878 9 67389 9 67903 7 68417 4
259b35151d4a7a5ffdd7ab7f171b142db8cfe40beeee67277fac6adca4d042c4,66355 2
259b35151d4a7a5ffdd7ab7f171b142db8cfe40beeee67277fac6adca4d042c4,67187 3 67698 6 68209 10 68722 10 69234 11 69746 12 70258 13 70771 12 71283 14 71795 16 72308 16 72821 15 73334 16 73846 20 74359 20 74871 21 75384 21 75896 22 76408 24 76919 26 77431 27 77943 27 78454 28 78967 27 79479 27 79991 28 80503 28 81015 6 81022 22 81526 6 81536 21 82037 7 82049 20 82548 9 82561 20 83059 10 83072 21 83570 11 83584 21 84082 11 84095 22 84594 11 84606 22 85108 32 85622 30 86134 30 86645 31 87157 32 87667 34 88175 38 88683 43 89191 46 89700 49 90210 51 90721 51 91233 49 91745 42 92257 41 92768 41 93279 42 93791 40 94303 5 94313 27 94827 22 95344 1 95351 8
259b35151d4a7a5ffdd7ab7f171b142db8cfe40beeee67277fac6adca4d042c4,70968 1 70970 3 71477 9 71988 9 72502 3
259b35151d4a7a5ffdd7ab7f171b142db8cfe40beeee67277fac6adca4d042c4,71456 1
259b35151d4a7a5ffdd7ab7f171b142db8cfe40beeee67277fac6adca4d042c4,72283 3 72795 4 73307 4
259b35151d4a7a5ffdd7ab7f171b142db8cfe40beeee67277fac6adca4d042c4,79949 3 80460 5 80972 5 81484 6 81997 5 82509 4
259b35151d4a7a5ffdd7ab7f171b142db8cfe40beeee67277fac6adca4d042c4,83190 3 83700 7 84212 7 84724 8 85238 7 85751 5 86264 3
259b35151d4a7a5ffdd7ab7f171b142db8cfe40beeee67277fac6adca4d042c4,85761 4 86273 6 86785 8 87297 9 87809 10 88321 11 88838 6 89352 4
259b35151d4a7a5ffdd7ab7f171b142db8cfe40beeee67277fac6adca4d042c4,86255 1 86766 3 87278 3 87789 5 88300 6 88813 4
259b35151d4a7a5ffdd7ab7f171b142db8cfe40beeee67277fac6adca4d042c4,90353 1 90862 6 91374 7 91885 8 92397 8 92909 7 93422 5 93935 1
259b35151d4a7a5ffdd7ab7f171b142db8cfe40beeee67277fac6adca4d042c4,90363 6 90874 9 91386 13 91898 15 92410 16 92929 9 93441 8 93955 5
259b35151d4a7a5ffdd7ab7f171b142db8cfe40beeee67277fac6adca4d042c4,97364 1 97875 4 98386 7 98897 9 99410 7 99922 6 100435 4 100948 1
259b35151d4a7a5ffdd7ab7f171b142db8cfe40beeee67277fac6adca4d042c4,100143 1
259b35151d4a7a5ffdd7ab7f171b142db8cfe40beeee67277fac6adca4d042c4,100145 1
259b35151d4a7a5ffdd7ab7f171b142db8cfe40beeee67277fac6adca4d042c4,102401 2 102913 5 103425 5 103937 7 104449 7 104961 8 105473 8 105985 9 106497 10 107009 10 107521 11 108033 11 108545 11 109057 11 109569 11 110081 11 110593 11 111105 11 111617 11 112129 11 112641 12 113153 12 113665 12 114177 13 114689 12 115201 12 115713 10 116225 8 116737 6 117249 5 117761 5 118273 5 118785 5 119297 5 119809 4 120321 4 120833 2
259b35151d4a7a5ffdd7ab7f171b142db8cfe40beeee67277fac6adca4d042c4,103515 2 104025 8 104537 11 105048 13 105560 13 106073 13 106586 13 107100 11 107616 7 108131 3
259b35151d4a7a5ffdd7ab7f171b142db8cfe40beeee67277fac6adca4d042c4,112240 1 112752 2 113264 4 113778 4 114290 4 114802 5 115314 6 115826 5 116338 5 116851 3 117362 1 117364 1 117836 13 117874 2 118345 19 118375 3 118386 2 118855 41 118897 4 119365 48 119876 47 120387 47 120899 47 121411 47 121922 48 122433 49 122944 50 123455 14 123470 36 123967 14 123984 33 124479 14 124496 33 124992 48 125504 47 126016 46 126528 45 127040 13 127056 28 127552 12 127569 26 128064 10 128082 9 128094 12 128576 10 128594 8 128607 11 129088 9 129108 4 129119 9 129600 9 129632 8 130112 9 130144 7 130624 9
259b35151d4a7a5ffdd7ab7f171b142db8cfe40beeee67277fac6adca4d042c4,112791 5 113302 8 113814 8 114325 9 114837 9 115349 8 115862 6 116375 2
259b35151d4a7a5ffdd7ab7f171b142db8cfe40beeee67277fac6adca4d042c4,126977 4 127489 4 128001 4 128514 2 129026 1 129538 1
259b35151d4a7a5ffdd7ab7f171b142db8cfe40beeee67277fac6adca4d042c4,129033 7 129544 9 130054 13 130564 15
259b35151d4a7a5ffdd7ab7f171b142db8cfe40beeee67277fac6adca4d042c4,129176 1 129688 1 130200 1 130712 1
259b35151d4a7a5ffdd7ab7f171b142db8cfe40beeee67277fac6adca4d042c4,130202 1 130714 1
259b35151d4a7a5ffdd7ab7f171b142db8cfe40beeee67277fac6adca4d042c4,130561 1
259b35151d4a7a5ffdd7ab7f171b142db8cfe40beeee67277fac6adca4d042c4,152205 2 152716 5 153228 5 153740 5 154252 4
259b35151d4a7a5ffdd7ab7f171b142db8cfe40beeee67277fac6adca4d042c4,154186 7 154695 10 155205 13 155716 16 156227 18 156739 19 157250 29 157763 34 158274 37 158787 36 159299 37 159811 37 160322 37 160834 36 161345 36 161856 36 162368 37 162880 38 163392 41 163904 44 164417 45 164931 44 165446 42 165958 43 166470 43 166982 44 167494 44 168003 49 168512 53 169024 54 169535 55 170047 55 170559 55 171071 55 171582 56 172093 57 172604 9 172618 36 172657 5 173115 10 173134 32 173170 3 173626 11 173647 31 173683 2 174132 2 174137 12 174159 33 174193 4 174642 19 174671 6 174680 11 174694 15 175154 20 175183 6 175194 3 175198 5 175206 15 175666 23 175694 7 175707 9 175719 14 176180 3 176187 41 176231 14 176704 37 176742 16 177218 53 177731 11 177743 40 178244 9 178255 42 178758 1 178760 1 178762 1 178768 43 179281 12 179294 15 179310 13 179794 10 179806 14 179827 1 179831 5 180305 8 180316 15 180815 8 180826 18 181324 1 181326 8 181338 19 181360 1 181835 39 182348 39 182860 39 183372 39 183884 38 184397 36 184910 33 185424 5 185430 7 185438 1 185440 1 185442 11 185954 11 186466 10 186981 5
259b35151d4a7a5ffdd7ab7f171b142db8cfe40beeee67277fac6adca4d042c4,155709 2 156220 3
259b35151d4a7a5ffdd7ab7f171b142db8cfe40beeee67277fac6adca4d042c4,172864 2 173375 5 173886 7 174398 8 174911 7
259b35151d4a7a5ffdd7ab7f171b142db8cfe40beeee67277fac6adca4d042c4,173296 1 173805 6 174316 8 174827 10 175338 11 175849 11 176361 11 176874 9 177386 9 177899 8 178412 8 178925 10 179439 8 179953 7 180467 4
259b35151d4a7a5ffdd7ab7f171b142db8cfe40beeee67277fac6adca4d042c4,174817 1 175328 3 175839 3 176352 2
259b35151d4a7a5ffdd7ab7f171b142db8cfe40beeee67277fac6adca4d042c4,188232 1 188744 4 189255 6 189767 7 190279 7 190792 6 191307 2
259b35151d4a7a5ffdd7ab7f171b142db8cfe40beeee67277fac6adca4d042c4,190821 3 190825 1 191332 7 191845 7 192357 8 192869 9 193382 5 193388 6 193894 5 193902 5 194406 14 194918 16 195430 16 195942 17 196454 18 196966 19 197478 20 197990 20 198503 19 199016 19 199530 17 200043 16 200556 10 200568 4 201069 8 201081 3 201581 8 201594 3 202093 8 202606 7 203118 7 203631 6 204144 5 204658 2 205171 5 205177 1 205683 8 206195 8 206707 9 207219 8 207731 8 208244 5
259b35151d4a7a5ffdd7ab7f171b142db8cfe40beeee67277fac6adca4d042c4,193106 9 193618 11 194124 1 194126 17 194633 25 195143 28 195654 30 196165 33 196675 40 197187 42 197699 43 198211 45 198723 49 199235 51 199748 51 200260 53 200772 53 201284 54 201797 53 202310 52 202823 51 203337 50 203851 48 204365 46 204878 46 205391 47 205904 47 206417 47 206930 48 207444 46 207959 44 208474 41 208989 38 209502 38 210016 36 210530 35 211043 34 211556 33 212068 33 212582 31 213095 30 213612 25 214126 23 214639 22 215152 23 215664 28 216175 30 216686 33 217197 34 217708 35 218220 35 218733 34 219245 34 219758 33 220272 31 220786 28 221299 27 221811 26 222325 24 222840 20 223355 16 223870 12 224386 3 224390 1
259b35151d4a7a5ffdd7ab7f171b142db8cfe40beeee67277fac6adca4d042c4,201741 8 202251 13 202762 16 203273 19 203784 21 204296 22 204807 23 205318 24 205830 24 206342 23 206853 23 207365 22 207877 21 208389 20 208901 20 209412 23 209924 25 210436 27 210948 29 211460 30 211972 30 212485 30 212997 31 213510 31 214022 31 214534 32 215047 32 215560 31 216072 31 216585 30 217098 29 217611 27 218125 24 218638 23 219152 20 219665 18 220179 16 220694 12 221209 8 221723 4
259b35151d4a7a5ffdd7ab7f171b142db8cfe40beeee67277fac6adca4d042c4,202619 2 203131 1 203644 1
259b35151d4a7a5ffdd7ab7f171b142db8cfe40beeee67277fac6adca4d042c4,212226 1
259b35151d4a7a5ffdd7ab7f171b142db8cfe40beeee67277fac6adca4d042c4,217132 3 217644 4 218157 3 218669 4 219182 3 219694 4
259b35151d4a7a5ffdd7ab7f171b142db8cfe40beeee67277fac6adca4d042c4,226410 5 226922 15 227434 16 227946 17 228458 18 228970 19 229475 3 229483 20 229986 7 229994 1 229996 22 230498 7 230508 1 230510 3 230514 19 231010 7 231023 24 231051 2 231523 7 231535 31 232035 10 232046 32 232548 43 233060 44 233572 44 234085 45 234598 45 235110 46 235623 46 236136 46 236636 3 236650 45 237148 3 237166 42 237659 5 237681 40 238171 10 238184 5 238192 42 238683 20 238704 1 238706 41 239196 64 239711 62 240224 61 240738 60 241251 59 241765 59 242278 60 242792 59 243306 58 243818 59 244332 57 244846 55 245359 53 245873 51 246386 50 246902 45 247415 43 247928 43 248442 42 248956 40 249471 28 249502 7 249985 24 250016 4 250499 21 250530 1 251016 15 251531 11
259b35151d4a7a5ffdd7ab7f171b142db8cfe40beeee67277fac6adca4d042c4,241751 6 242262 8 242774 10 243286 12 243799 13 244313 14 244826 15 245339 14 245852 14 246356 3 246366 12 246867 6 246880 10 247378 9 247394 8 247890 10 247907 6 248402 10 248422 1 248424 1 248426 2 248430 1 248914 11 248936 1 248938 7 249426 15 249444 15 249939 35 250452 35 250965 35 251478 36 251991 36 252503 38 253016 37 253528 38 254041 39 254553 40 255066 39 255578 42 256091 41 256604 41 257116 37 257629 30 257660 1 258142 28 258654 29 259168 26 259682 11 259699 8 260198 5 260213 6 260712 2 260726 5 261238 5 261750 1 261752 3 262265 13 262777 13 263290 15 263801 19 263839 5 264312 28 264347 10 264822 30 264859 11 265334 31 265370 11 265845 47 266357 41 266871 38 267386 34 267907 25 268422 20 268936 18 269450 15 269963 14 270478 11 270993 8 271506 7 272020 5
259b35151d4a7a5ffdd7ab7f171b142db8cfe40beeee67277fac6adca4d042c4,244226 4 244740 3 245252 4
259b35151d4a7a5ffdd7ab7f171b142db8cfe40beeee67277fac6adca4d042c4,246633 2 247145 4 247656 5 248168 5 248679 7 249191 7 249703 7 250215 7 250728 5
259b35151d4a7a5ffdd7ab7f171b142db8cfe40beeee67277fac6adca4d042c4,251086 1 251596 6 252107 7 252620 6 253132 5
259b35151d4a7a5ffdd7ab7f171b142db8cfe40beeee67277fac6adca4d042c4,251562 5 252073 8 252585 9 253098 8 253611 6
259b35151d4a7a5ffdd7ab7f171b142db8cfe40beeee67277fac6adca4d042c4,254230 1 254742 1 255254 1
259b35151d4a7a5ffdd7ab7f171b142db8cfe40beeee67277fac6adca4d042c4,256776 1 257284 8 257795 10 258306 11 258817 11 259329 10 259841 5 260353 3
259b35151d4a7a5ffdd7ab7f171b142db8cfe40beeee67277fac6adca4d042c4,257572 4 258084 5 258596 6 259108 6 259622 4
259b35151d4a7a5ffdd7ab7f171b142db8cfe40beeee67277fac6adca4d042c4,258335 2 258846 3 259357 4 259869 5 260381 4 260894 3
259b35151d4a7a5ffdd7ab7f171b142db8cfe40beeee67277fac6adca4d042c4,258703 3 259216 5 259727 11 260241 12 260753 14 261266 14 261778 15
259b35151d4a7a5ffdd7ab7f171b142db8cfe40beeee67277fac6adca4d042c4,258764 4 259276 5 259786 7 260298 8 260810 8 261320 1 261322 7 261832 9
259b35151d4a7a5ffdd7ab7f171b142db8cfe40beeee67277fac6adca4d042c4,258834 1 259344 4 259856 5 260368 5 260879 6 261390 7 261902 7
259b35151d4a7a5ffdd7ab7f171b142db8cfe40beeee67277fac6adca4d042c4,259144 3 259654 12 260166 15 260677 17 261188 19 261700 19
259b35151d4a7a5ffdd7ab7f171b142db8cfe40beeee67277fac6adca4d042c4,260315 1 260825 5 261336 7 261848 7
259b35151d4a7a5ffdd7ab7f171b142db8cfe40beeee67277fac6adca4d042c4,265474 4 265985 5 266497 5
259b35151d4a7a5ffdd7ab7f171b142db8cfe40beeee67277fac6adca4d042c4,266254 1 266763 6 267274 7 267783 11 268295 12 268808 11 269320 11 269835 1 269837 7 270351 4 270864 1 270866 1
259b35151d4a7a5ffdd7ab7f171b142db8cfe40beeee67277fac6adca4d042c4,268884 1
259b35151d4a7a5ffdd7ab7f171b142db8cfe40beeee67277fac6adca4d042c4,269313 1
259b35151d4a7a5ffdd7ab7f171b142db8cfe40beeee67277fac6adca4d042c4,269388 1 269390 2 269899 6 269911 5 270411 5 270423 7 270922 7 270935 8 270957 7 271434 7 271448 11 271468 9 271946 7 271960 12 271979 11 272458 7 272472 13 272491 12 272969 9 272984 13 273003 12 273482 8 273496 13 273516 12 273994 9 274008 13 274028 13 274055 3 274059 1 274506 10 274519 14 274542 12 274555 1 274562 13 275019 18 275038 6 275056 37 275532 16 275552 3 275572 1 275574 33 276044 15 276066 2 276088 33 276557 15 276578 2 276601 34 277074 10 277089 4 277114 34 277587 10 277600 6 277627 36 278099 11 278112 7 278140 37 278611 20 278654 36 279122 22 279147 6 279168 35 279635 22 279658 9 279680 37 280147 33 280193 37 280661 32 280706 38 281174 32 281218 40 281687 32 281732 39 282200 32 282246 39 282712 36 282758 40 283225 36 283270 41 283737 38 283782 42 284250 38 284294 43 284763 38 284805 45 285276 88 285790 86 286303 87 286815 89 287327 90 287839 91 288352 91 288864 93 289377 94 289891 93 290405 93 290918 93 291430 93 291943 92 292455 92 292967 90 293478 90 293991 32 294031 48 294503 32 294544 47 295016 30 295057 46 295530 29 295569 46 296043 30 296082 45 296555 32 296593 46 297068 32 297105 47 297581 32 297616 49 298094 35 298130 47 298607 34 298648 42 299120 33 299162 40 299634 21 299658 7 299675 11 299690 24 300147 20 300172 5 300188 9 300202 22 300663 16 300684 8 300704 5 300714 20 301175 16 301200 4 301226 16 301687 17 301712 4 301738 13 302200 7 302208 1 302210 8 302224 4 302250 3 302255 6 302711 7 302722 11 302736 4 302768 4 303224 5 303235 18 303281 2 303736 5 303747 20 304260 19 304772 27 305285 28 305798 29 306311 30 306823 31 307335 32 307842 3 307846 35 308354 7 308362 33 308866 4 308878 30 309390 30 309903 29 310416 28 310928 28 311440 28 311951 29 312464 28 312977 27 313490 25 314008 19 314523 14 315039 10 315551 8 316064 5 316576 3 317088 1 317595 5 318106 6 318619 4
259b35151d4a7a5ffdd7ab7f171b142db8cfe40beeee67277fac6adca4d042c4,269660 1 270172 3 270684 3
259b35151d4a7a5ffdd7ab7f171b142db8cfe40beeee67277fac6adca4d042c4,270337 3 270849 4 271361 5 271873 7 272385 10 272897 12 273409 14 273921 16 274433 17 274945 17 275457 18 275969 18 276481 19 276993 19 277505 20 278017 20 278529 21 279041 21 279553 20 280065 20 280577 19 281089 18 281601 18 282113 17 282625 17 283137 17 283649 17 284161 17 284673 16 285185 16 285697 15 286209 12 286721 10 287233 9 287745 8 288257 8 288769 7 289282 5
259b35151d4a7a5ffdd7ab7f171b142db8cfe40beeee67277fac6adca4d042c4,270462 2 270973 5 271486 4 271999 3 272512 2
259b35151d4a7a5ffdd7ab7f171b142db8cfe40beeee67277fac6adca4d042c4,272636 1 272639 1 273147 6 273657 6 274168 6 274678 7 275189 8 275700 8 276211 8 276723 7 277236 5
259b35151d4a7a5ffdd7ab7f171b142db8cfe40beeee67277fac6adca4d042c4,274659 1 275170 8 275682 10 276194 12 276707 11 277219 11 277732 9 278247 1
259b35151d4a7a5ffdd7ab7f171b142db8cfe40beeee67277fac6adca4d042c4,290857 2 291368 4 291881 2
259b35151d4a7a5ffdd7ab7f171b142db8cfe40beeee67277fac6adca4d042c4,298744 4 299256 4 299768 4 300280 4 300792 3
259b35151d4a7a5ffdd7ab7f171b142db8cfe40beeee67277fac6adca4d042c4,301654 6 302164 9 302676 11 303188 16 303700 19 304213 18 304726 20 305238 21 305751 21 306263 21 306775 23 307287 23 307799 23 308310 23 308822 24 309334 25 309360 1 309846 29 310358 27 310871 27 311383 27 311895 28 312407 28 312919 29 313431 29 313943 30 313976 1 314455 34 314967 36 315480 35 315992 35 316504 35 317016 35 317528 34 318040 35 318554 32 319067 32 319580 32 320093 40 320605 40 321118 40 321630 40 322143 40 322656 40 323169 39 323682 37 324195 30 324226 5 324708 29 324740 1 325221 28 325252 1 325254 3 325734 28 325765 8 326247 40 326761 39 327274 39 327786 39 328298 40 328811 40 329324 39 329837 38 330350 37 330863 36 330900 1 331376 38 331890 38 332403 40 332916 40 333429 40 333942 39 334455 39 334968 38 335482 36 335996 1 335998 32 336512 30 337025 22 337050 1 337052 1 337538 19 338052 16 338566 10
259b35151d4a7a5ffdd7ab7f171b142db8cfe40beeee67277fac6adca4d042c4,303856 4 304367 10 304878 14 305390 15 305894 25 306404 28 306915 29 307427 28 307938 29 308451 27 308963 27 309476 25 309989 24 310502 23 311014 22 311527 8 311538 9 312039 7 312050 9 312552 5 312560 9 313067 2 313071 9 313582 8 314094 8 314606 7 315118 6 315630 5 316142 3 316655 1 317165 2 317675 5 318185 7 318697 7 319208 8 319720 7 320232 7 320743 8 321252 10 321765 8 322277 7 322790 5 323304 1
259b35151d4a7a5ffdd7ab7f171b142db8cfe40beeee67277fac6adca4d042c4,307380 2 307891 5 308404 4 308916 5 309429 3
259b35151d4a7a5ffdd7ab7f171b142db8cfe40beeee67277fac6adca4d042c4,314497 1 315008 3 315520 3 316032 4 316546 1
259b35151d4a7a5ffdd7ab7f171b142db8cfe40beeee67277fac6adca4d042c4,323076 2 323587 4 324098 5 324610 5 325122 5 325633 5 326146 3
259b35151d4a7a5ffdd7ab7f171b142db8cfe40beeee67277fac6adca4d042c4,326362 2
259b35151d4a7a5ffdd7ab7f171b142db8cfe40beeee67277fac6adca4d042c4,327243 1 327753 6 328264 9 328776 13 328790 1 329287 18 329799 19 330311 19 330823 20 331335 21 331848 20 332360 21 332872 21 333385 21 333897 22 334409 24 334922 25 335434 26 335948 26 336461 26 336974 27 337487 27 338000 28 338512 29 339025 29 339537 30 340049 31 340562 32 341074 33 341586 35 342099 35 342611 36 343124 36 343638 35 344151 36 344665 35 345180 33 345694 32 346208 30 346722 29 347236 27 347750 25
259b35151d4a7a5ffdd7ab7f171b142db8cfe40beeee67277fac6adca4d042c4,329228 6 329736 13 330247 15 330754 1 330758 17 331266 21 331777 23 332289 23 332801 24 333313 24 333825 24 334337 23 334849 22 335361 21 335873 20 336385 20 336897 20 337409 20 337921 21 338433 24 338945 26 339457 27 339969 27 340481 27 340993 28 341505 28 342018 33 342531 33 343045 32 343558 31 344071 30 344584 29 345096 29 345608 29 346120 30 346625 4 346631 32 347137 12 347150 25 347649 11 347662 26
259b35151d4a7a5ffdd7ab7f171b142db8cfe40beeee67277fac6adca4d042c4,333539 1
259b35151d4a7a5ffdd7ab7f171b142db8cfe40beeee67277fac6adca4d042c4,334053 1 334055 3 334566 6 335080 1 335082 3 335592 5 336105 3
259b35151d4a7a5ffdd7ab7f171b142db8cfe40beeee67277fac6adca4d042c4,344297 3 344809 3 345322 2 345834 2 346346 2
472b1c5ff988dadc209faea92499bc07f305208dbda29d16262b3d543ac91c71,184 8 696 8 1209 8 1721 9 2233 10 2746 9 3258 10 3771 10 4285 9 4798 9 5314 6 5827 6 6341 5 6854 3
472b1c5ff988dadc209faea92499bc07f305208dbda29d16262b3d543ac91c71,2791 4 3299 10 3808 14 4318 16 4828 18 5340 18 5852 18 6363 20 6876 19 7386 21 7897 23 8400 4 8408 25 8910 35 9423 35 9935 35 10449 33 10964 30 11477 29 11991 26 12504 25 13017 23 13530 21 14045 18 14558 16 15072 13 15586 10 16101 6
472b1c5ff988dadc209faea92499bc07f305208dbda29d16262b3d543ac91c71,9012 1 9524 2 10036 2 10548 1
472b1c5ff988dadc209faea92499bc07f305208dbda29d16262b3d543ac91c71,12978 6 13488 13 13998 18 14509 21 15020 23 15531 25 16042 28 16553 19 16575 7 17064 19 17088 6 17575 20 17602 1 18086 21 18598 21 19110 21 19622 23 20135 25 20648 26 21161 28 21678 1 21680 22 22191 26 22704 25 23217 24 23729 25 23766 2 24242 26 24277 5 24755 29 24789 7 25267 30 25298 1 25300 9 25778 19 25798 13 25812 11 26290 18 26310 27 26801 19 26822 29 27313 50 27825 51 28338 51 28853 50 29367 49 29880 49 30393 20 30414 27 30906 18 30927 27 31420 16 31439 27 31934 44 32448 42 32960 42 33472 42 33984 41 34497 40 35010 40 35523 39 36037 37 36551 35 37064 34 37577 32 38089 32 38602 31 39115 30 39628 29 40140 28 40653 26 41167 15 41681 1 41683 1
472b1c5ff988dadc209faea92499bc07f305208dbda29d16262b3d543ac91c71,13290 4 13797 13 14307 17 14819 19 15330 20 15842 21 16354 21 16866 21 17378 21 17889 22 18401 22 18911 25 19422 27 19933 29 20445 30 20956 31 21468 31 21980 31 22492 31 23005 30 23517 30 24029 30 24542 29 25054 29 25567 28 26079 28 26591 28 27103 28 27615 28 28127 27 28640 25 29153 24 29666 21 30179 19 30693 16 31205 15 31719 11 32233 7
472b1c5ff988dadc209faea92499bc07f305208dbda29d16262b3d543ac91c71,23252 1
472b1c5ff988dadc209faea92499bc07f305208dbda29d16262b3d543ac91c71,25042 3 25552 5 26064 5 26577 2
472b1c5ff988dadc209faea92499bc07f305208dbda29d16262b3d543ac91c71,29811 2 30322 3 30833 4 31346 1 31348 1
472b1c5ff988dadc209faea92499bc07f305208dbda29d16262b3d543ac91c71,30575 1 31085 9 31596 13 32107 18 32618 21 33130 22 33641 23 34153 24 34665 25 35177 26 35689 27 36201 27 36713 27 37225 27 37737 27 38249 26 38760 26 39271 26 39783 9 39795 13 40294 10 40308 11 40806 11 40821 9 41319 12 41334 7 41831 13 41847 4 42344 17 42857 11 43374 5
472b1c5ff988dadc209faea92499bc07f305208dbda29d16262b3d543ac91c71,32298 12 32807 22 33317 26 33827 30 34336 34 34846 38 35356 42 35868 43 36379 46 36890 49 37401 16 37421 30 37912 17 37934 30 38423 18 38446 30 38935 19 38957 31 39446 54 39959 52 40470 53 40983 51 41495 50 42007 49 42520 47 43032 46 43545 44 44057 42 44570 39 45083 35 45595 33 46109 26 46623 21 47137 18
472b1c5ff988dadc209faea92499bc07f305208dbda29d16262b3d543ac91c71,33409 8 33919 14 34424 25 34935 28 35446 35 35958 37 36470 39 36981 40 37494 40 38006 39 38523 34 39037 31 39538 1 39549 29 40048 5 40062 25 40560 6 40573 22 41072 9 41084 20 41584 31 42097 28 42610 25 43122 24 43635 22 44147 16 44659 16 44689 1 44691 1 45172 16 45200 6 45684 16 45711 8 46197 16 46223 9 46251 1 46710 16 46734 11 46760 7 47222 21 47246 11 47270 10 47735 21 47759 11 47782 12 47797 5 48248 21 48271 10 48294 21 48761 32 48805 23 49274 31 49317 24 49788 29 49824 29 50304 20 50327 39 50817 19 50838 40 51330 61 51843 36 51882 21 52357 36 52394 21 52871 56 53384 56 53897 55 54410 54 54925 51 55440 48 55955 45 56470 41 56985 38 57502 32 58017 28 58531 24 59045 20 59563 10
472b1c5ff988dadc209faea92499bc07f305208dbda29d16262b3d543ac91c71,35244 5 35756 6 36267 8 36779 9 37292 8 37805 6
472b1c5ff988dadc209faea92499bc07f305208dbda29d16262b3d543ac91c71,43186 1 43697 4 44210 3 44722 4 45234 4 45748 1
472b1c5ff988dadc209faea92499bc07f305208dbda29d16262b3d543ac91c71,55403 7 55912 13 56424 14 56935 17 57447 18 57959 20 58471 22 58984 23 59497 23 60011 21 60525 19 61038 18 61551 17 62064 15 62577 14 63090 12 63604 9 64117 6
472b1c5ff988dadc209faea92499bc07f305208dbda29d16262b3d543ac91c71,55573 8 56082 14 56592 17 57102 20 57608 28 58118 31 58628 33 59139 34 59650 35 60161 36 60673 36 61185 35 61697 36 62209 35 62721 34 63233 32 63745 31 64257 30 64769 29 65281 28 65793 25 66306 22 66819 19 67333 16 67846 13
472b1c5ff988dadc209faea92499bc07f305208dbda29d16262b3d543ac91c71,57179 2 57183 1 57682 16 58192 20 58703 22 59213 25 59723 29 60234 31 60744 34 61242 6 61255 37 61750 55 62260 58 62770 60 63280 63 63790 66 64301 67 64811 70 65322 71 65832 74 66343 76 66854 77 67366 78 67877 79 68389 79 68901 79 69413 80 69925 80 70436 81 70949 80 71460 81 71972 81 72484 82 72996 81 73507 83 74019 82 74530 83 75041 83 75552 85 76064 84 76576 84 77088 83 77600 83 78112 82 78624 81 79138 79 79652 77 80165 77 80677 77 81188 79 81699 87 82210 89 82720 92 83232 93 83742 95 84254 96 84756 1 84758 1 84760 1 84766 96 85265 5 85271 1 85277 96 85777 7 85787 98 86288 8 86297 100 86799 110 87311 109 87822 110 88333 111 88845 91 88939 16 89357 91 89452 15 89868 91 89964 15 90379 92 90476 15 90891 92 90988 15 91402 93 91500 15 91913 94 92012 15 92425 94 92524 14 92936 95 93036 14 93448 96 93548 14 93960 97 94060 13 94471 99 94572 13 94983 99 95084 13 95495 113 96007 112 96519 112 97031 112 97543 100 97645 10 98055 99 98157 10 98567 99 98669 11 99079 98 99181 11 99591 97 99694 10 100104 96 100207 9 100616 96 100719 8 101128 95 101232 7 101641 94 101745 3 102153 94 102666 92 103178 92 103689 92 104201 92 104713 92 105224 93 105736 92 106248 92 106760 92 107272 92 107784 91 108297 89 108810 87 109323 84 109837 80 110350 79 110864 25 110895 45 111378 19 111408 45 111896 9 111921 43 112434 42 112950 38 113466 33 113992 7 114002 5 114008 1
472b1c5ff988dadc209faea92499bc07f305208dbda29d16262b3d543ac91c71,63926 3 64435 11 64940 20 65450 23 65960 27 66471 30 66982 31 67493 32 68003 35 68513 37 69023 39 69533 41 70042 44 70552 46 71063 47 71574 48 72086 47 72598 47 73110 46 73622 46 74134 46 74646 46 75157 46 75669 45 76181 44 76693 44 77205 43 77718 41 78230 41 78743 40 79255 40 79767 39 80279 38 80791 38 81303 38 81816 37 82328 37 82840 37 83353 36 83867 33 84382 29 84896 26 85411 21 85927 16 86441 11 86955 7
472b1c5ff988dadc209faea92499bc07f305208dbda29d16262b3d543ac91c71,70739 2 71248 8 71760 9 72273 8 72786 7 73301 5
472b1c5ff988dadc209faea92499bc07f305208dbda29d16262b3d543ac91c71,71742 11 72251 16 72761 18 73270 22 73767 37 74276 40 74786 42 75296 45 75807 46 76317 48 76828 45 76874 1 76876 1 76878 4 77339 42 77389 7 77850 42 77902 7 78361 42 78416 5 78873 22 78896 19 78928 5 78940 1 79384 37 79432 5 79440 1 79442 1 79444 1 79450 7 79896 36 79942 13 79961 9 80408 36 80453 31 80919 36 80964 33 81431 35 81476 34 81943 32 81986 37 82456 31 82488 1 82496 39 82968 37 83006 42 83481 79 83994 58 84054 18 84507 56 84568 15 85019 46 85081 14 85532 34 85567 8 85584 1 85593 12 86044 30 86082 4 86095 4 86105 11 86557 28 86607 20 87070 25 87120 17 87583 23 87631 17 88096 21 88144 15 88610 17 88658 11 89124 12 89173 4 89637 8 90153 1
472b1c5ff988dadc209faea92499bc07f305208dbda29d16262b3d543ac91c71,78802 3 79312 6 79824 6 80336 10 80848 11 81360 12 81872 12 82385 11 82898 10 83411 9 83923 8 84436 7 84949 5
472b1c5ff988dadc209faea92499bc07f305208dbda29d16262b3d543ac91c71,82416 5 82926 9 83438 10 83948 12 84459 14 84971 15 85482 16 85994 17 86505 18 87015 20 87526 22 88037 23 88548 24 89060 24 89572 24 90084 24 90595 25 91107 24 91619 24 92130 25 92642 25 93153 27 93665 27 94176 28 94688 27 95200 27 95713 25 96224 25 96736 25 97248 24 97761 22 98273 21 98786 19 99299 18 99812 15 100325 12 100837 12 101348 13 101859 13 102371 12 102883 12 103395 11 103909 7
472b1c5ff988dadc209faea92499bc07f305208dbda29d16262b3d543ac91c71,88233 11 88742 17 89252 22 89762 26 90273 28 90784 30 91295 32 91807 33 92318 35 92830 35 93341 37 93852 38 94364 39 94875 41 95387 42 95899 42 96411 43 96923 43 97435 43 97947 43 98459 42 98971 42 99484 41 99996 41 100509 40 101022 34 101057 1 101535 30 102047 27 102561 22 103073 20 103587 16 104101 11
472b1c5ff988dadc209faea92499bc07f305208dbda29d16262b3d543ac91c71,97844 1 98352 10 98863 12 99375 11 99887 9 100399 9
472b1c5ff988dadc209faea92499bc07f305208dbda29d16262b3d543ac91c71,99758 4 100267 8 100772 16 101281 19 101790 23 102300 25 102812 26 103323 27 103835 28 104347 28 104859 28 105371 28 105883 28 106396 26 106908 26 107421 24 107934 20 108447 18 108961 15 109474 13 109987 11 110500 9 111013 7 111525 6 112037 5
472b1c5ff988dadc209faea92499bc07f305208dbda29d16262b3d543ac91c71,100225 5 100734 9 101245 13 101756 17 102267 19 102779 19 103291 19 103803 20 104314 20 104826 20 105338 20 105850 20 106362 20 106874 20 107386 20 107898 20 108411 19 108923 19 109435 19 109947 19 110459 19 110971 18 111483 18 111996 16 112508 16 113020 15 113533 12 114046 7 114558 6 115071 4 115584 3
472b1c5ff988dadc209faea92499bc07f305208dbda29d16262b3d543ac91c71,100562 1 101074 1 101586 1
472b1c5ff988dadc209faea92499bc07f305208dbda29d16262b3d543ac91c71,101880 6 102390 11 102902 11 103413 12 103924 13 104436 13 104947 14 105459 14 105970 15 106482 15 106993 16 107504 17 108016 17 108528 17 109039 18 109551 18 110063 18 110574 19 111086 19 111598 19 112109 20 112621 20 113132 21 113644 21 114156 21 114667 22 115179 22 115691 22 116203 22 116714 23 117227 22 117739 22 118251 22 118764 21 119276 21 119789 20 120301 20 120814 19 121327 18 121840 13 122354 10 122871 2
472b1c5ff988dadc209faea92499bc07f305208dbda29d16262b3d543ac91c71,104996 10 105504 17 106013 21 106038 15 106523 44 107033 48 107543 54 108054 58 108566 63 109077 66 109588 69 110100 41 110142 30 110611 43 110656 29 111123 75 111635 75 112147 75 112659 75 113170 76 113682 76 114193 77 114705 76 115217 76 115729 76 116242 74 116755 73 117267 72 117781 69 118294 67 118808 63 119321 60 119835 50 120348 34 120385 1 120387 5 120861 29 121374 18 121393 1 121395 1 121895 5
472b1c5ff988dadc209faea92499bc07f305208dbda29d16262b3d543ac91c71,108987 1
472b1c5ff988dadc209faea92499bc07f305208dbda29d16262b3d543ac91c71,113297 6 113805 13 114310 22 114818 27 115329 29 115840 30 116350 32 116861 34 117372 36 117883 38 118394 39 118905 41 119416 42 119928 43 120439 44 120951 44 121463 45 121974 46 122486 46 122998 46 123509 47 124021 46 124533 46 125045 45 125558 43 126071 41 126585 38 127102 31 127616 28 128130 11 128143 12 128644 7 128657 10 129172 5
472b1c5ff988dadc209faea92499bc07f305208dbda29d16262b3d543ac91c71,114988 3 115500 3 116014 1
472b1c5ff988dadc209faea92499bc07f305208dbda29d16262b3d543ac91c71,118703 7 119211 12 119722 14 120233 16 120743 18 121254 20 121764 23 122274 25 122785 27 123296 28 123806 30 124317 32 124828 33 125340 33 125851 33 126363 33 126875 33 127387 33 127898 34 128410 33 128922 33 129434 33 129946 33 130458 33 130971 4 130976 1 130978 25 131479 35 131991 15 132008 18 132503 15 132520 17 133015 15 133034 15 133527 33 134039 21 134061 10 134550 31 135062 31 135573 31 136085 30 136598 29 137111 28 137624 26 138136 26 138649 25 139161 25 139674 24 140186 23 140698 23 141211 21 141723 21 142235 23 142747 24 143259 24 143771 25 144285 22 144798 21 145313 16 145827 12 146341 8
472b1c5ff988dadc209faea92499bc07f305208dbda29d16262b3d543ac91c71,120058 1 120065 5 120569 5 120577 8 121080 18 121591 19 122101 26 122612 29 123123 31 123635 32 124146 34 124658 34 125170 35 125682 35 126194 35 126706 35 127219 34 127731 35 128244 34 128757 33 129269 33 129780 35 130291 36 130802 37 131329 17 131841 16 132353 17 132865 17 133377 18 133889 19 134401 19 134913 20 135425 20 135937 21 136449 21 136961 21 137473 21 137985 20 138497 20 139009 18 139521 17 140033 17 140545 16 141057 15 141571 12 142085 9
472b1c5ff988dadc209faea92499bc07f305208dbda29d16262b3d543ac91c71,122046 1 122048 2 122557 7 123069 7 123582 5 124095 1
472b1c5ff988dadc209faea92499bc07f305208dbda29d16262b3d543ac91c71,127006 3 127517 4 128030 3 128542 2
472b1c5ff988dadc209faea92499bc07f305208dbda29d16262b3d543ac91c71,127145 1 127654 5 128165 6 128676 6 129188 3
472b1c5ff988dadc209faea92499bc07f305208dbda29d16262b3d543ac91c71,128209 4 128712 13 129223 14 129734 15 130245 17 130756 18 131269 14 131780 15 132291 16 132801 18 133312 19 133821 21 134327 27 134837 28 135348 29 135859 29 136371 28 136882 27 137394 26 137907 27 138419 29 138931 30 139443 30 139954 31 140466 29 140978 28 141491 27 142004 25 142519 20 143033 17 143546 14 144059 12 144573 8
472b1c5ff988dadc209faea92499bc07f305208dbda29d16262b3d543ac91c71,128346 3 128856 6 129367 7 129878 9 130390 9 130902 9
472b1c5ff988dadc209faea92499bc07f305208dbda29d16262b3d543ac91c71,128504 1 129015 4 129526 7 130036 9 130546 12 131058 13
472b1c5ff988dadc209faea92499bc07f305208dbda29d16262b3d543ac91c71,129000 1 129512 1 130024 1 130536 1 130538 1 131048 5
472b1c5ff988dadc209faea92499bc07f305208dbda29d16262b3d543ac91c71,134718 7 135228 13 135739 19 136252 23 136764 25 137277 26 137780 1 137782 1 137790 26 138292 4 138303 25 138803 7 138816 25 139315 8 139328 25 139828 7 139840 25 140340 8 140352 25 140852 9 140862 26 141364 36 141866 3 141878 34 142375 8 142392 32 142886 10 142904 32 143396 14 143415 32 143907 52 144417 53 144927 54 145429 1 145436 56 145939 63 146450 61 146961 61 147472 60 147984 58 148495 56 149007 53 149518 50 150030 45 150541 41 151052 40 151563 40 152074 39 152586 37 153098 34 153610 30 154122 28 154634 20 155146 19 155658 10 155670 6 156170 8 156183 4 156682 6 156696 1 157194 5 157708 2
472b1c5ff988dadc209faea92499bc07f305208dbda29d16262b3d543ac91c71,135718 3 136230 6 136741 7 137254 6 137768 1
472b1c5ff988dadc209faea92499bc07f305208dbda29d16262b3d543ac91c71,139802 5 140314 6 140825 7 141338 5 141852 1
472b1c5ff988dadc209faea92499bc07f305208dbda29d16262b3d543ac91c71,142658 23 143167 30 143676 33 144187 34 144697 36 145208 37 145720 36 146231 37 146743 37 147254 38 147766 38 148277 39 148789 39 149301 39 149813 38 150325 36 150838 29 151351 24 151863 24 152376 23 152890 21 153404 4 153415 7 153929 4
472b1c5ff988dadc209faea92499bc07f305208dbda29d16262b3d543ac91c71,144601 8 145110 14 145620 16 146131 17 146642 19 147154 19 147666 20 148178 20 148691 21 149204 22 149717 22 150231 20 150751 12 151265 9 151782 2
472b1c5ff988dadc209faea92499bc07f305208dbda29d16262b3d543ac91c71,144751 6 145262 11 145774 12 146285 13 146797 14 147310 13 147822 13 148335 12 148847 12 149360 11 149872 11 150383 12 150895 12 151407 11 151919 11 152432 9 152945 6
472b1c5ff988dadc209faea92499bc07f305208dbda29d16262b3d543ac91c71,147704 3 148213 7 148722 11 149231 15 149742 16 150254 16 150767 16 151280 16 151793 15 152307 14 152820 13 153334 11 153848 9 154362 7 154874 1
472b1c5ff988dadc209faea92499bc07f305208dbda29d16262b3d543ac91c71,155483 8 155992 12 156502 16 157013 18 157524 20 158035 22 158546 23 159058 24 159569 10 159583 11 160081 11 160095 12 160593 11 160605 13 161105 25 161617 25 162129 24 162640 25 163153 24 163665 24 164177 24 164689 24 165201 23 165713 23 166226 21 166738 19 167251 17 167764 15 168277 14 168790 12 169304 9 169817 6
472b1c5ff988dadc209faea92499bc07f305208dbda29d16262b3d543ac91c71,155890 9 156379 6 156399 13 156892 7 156910 15 157405 6 157420 17 157919 5 157932 18 158432 4 158443 20 158945 5 158955 20 159457 6 159467 22 159970 31 160482 31 160994 31 161506 31 162018 30 162530 29 163044 26 163557 25 164071 22 164583 22 165095 21 165607 20 166119 18 166631 15 167144 10 167659 1
472b1c5ff988dadc209faea92499bc07f305208dbda29d16262b3d543ac91c71,160188 10 160698 14 161208 17 161719 19 162230 21 162741 22 163252 23 163764 24 164275 25 164787 25 165299 25 165812 25 166324 25 166837 24 167350 23 167863 23 168378 20 168890 20 169402 20 169914 20 170427 19 170939 19 171451 19 171963 19 172476 17 172988 17 173500 16 174013 14 174526 13 175039 12 175552 11 176065 9 176578 8 177091 6 177604 3
472b1c5ff988dadc209faea92499bc07f305208dbda29d16262b3d543ac91c71,161462 7 161970 17 162480 20 162991 22 163502 24 164013 26 164524 27 165033 30 165543 16 165562 19 166054 15 166075 20 166564 17 166588 20 167075 18 167098 23 167586 47 168097 49 168608 51 169120 51 169631 52 170142 53 170654 11 170666 41 171166 11 171178 41 171678 53 172190 53 172703 52 173215 51 173728 50 174241 48 174756 44 175269 41 175782 17 175800 5 175806 15 176293 18 176313 3 176317 1 176319 12 176805 33 177317 31 177829 29 178341 28 178854 26 179367 23 179881 19 180395 13
472b1c5ff988dadc209faea92499bc07f305208dbda29d16262b3d543ac91c71,161494 4 162007 4 162520 2
472b1c5ff988dadc209faea92499bc07f305208dbda29d16262b3d543ac91c71,162325 9 162338 3 162836 18 163345 22 163853 26 164362 29 164870 33 165380 35 165890 37 166401 38 166913 37 167425 36 167937 36 168449 35 168961 34 169473 34 169985 33 170497 32 171009 32 171521 31 172033 30 172545 29 173057 28 173569 27 174081 25 174593 23 175105 20 175617 18 176129 14 176641 11 177153 9 177665 7 178177 5
472b1c5ff988dadc209faea92499bc07f305208dbda29d16262b3d543ac91c71,163928 3 164438 12 164949 15 165460 17 165971 19 166482 20 166994 21 167505 22 168017 23 168528 24 169040 24 169552 24 170064 24 170576 24 171088 24 171600 24 172112 23 172623 23 173134 22 173645 22 174158 20 174670 19 175184 16 175699 12 176213 9 176725 6 177238 4
472b1c5ff988dadc209faea92499bc07f305208dbda29d16262b3d543ac91c71,164139 4 164649 8 164666 4 165159 26 165670 30 166182 32 166693 33 167206 33 167718 34 168231 34 168743 35 169256 35 169770 34 170283 33 170794 35 171306 35 171816 36 172328 35 172839 36 173351 35 173863 35 174375 35 174887 35 175399 35 175911 35 176423 34 176934 35 177444 36 177951 41 178462 42 178974 41 179486 40 179998 39 180511 37 181023 36 181536 2 181542 27 182055 24 182568 20 183081 18 183594 16 184107 1 184109 1 184118 4 184633 1
472b1c5ff988dadc209faea92499bc07f305208dbda29d16262b3d543ac91c71,165121 3 165633 4 166145 4 166657 4 167169 3 167681 2 168194 1
472b1c5ff988dadc209faea92499bc07f305208dbda29d16262b3d543ac91c71,168826 1 169338 1
472b1c5ff988dadc209faea92499bc07f305208dbda29d16262b3d543ac91c71,173463 2 173974 4 174485 6 174997 7 175508 8 176019 11 176529 13 177040 17 177062 1 177064 1 177072 5 177551 27 177583 10 178060 47 178571 49 179081 51 179591 54 180102 55 180613 57 181124 59 181635 60 182146 62 182653 67 183163 70 183675 71 184186 72 184698 73 185210 73 185721 74 186233 75 186745 75 187257 75 187768 76 188280 77 188791 78 189297 84 189807 86 190319 86 190831 86 191343 86 191856 84 192369 84 192882 83 193394 83 193906 83 194418 84 194931 82 195446 79 195960 76 196473 74 196985 69 197496 69 198008 69 198519 70 199031 69 199542 71 200055 70 200567 70 201079 70 201591 70 202103 70 202611 73 203121 75 203632 75 204142 76 204652 78 205163 78 205675 78 206186 77 206698 76 207210 76 207721 76 208233 70 208745 69 209258 68 209771 66 210284 65 210797 65 211310 64 211822 65 212334 65 212847 64 213359 63 213871 64 214384 62 214897 61 215410 61 215923 60 215984 1 216436 60 216948 61 217461 61 217523 1 217974 64 218486 64 218998 65 219509 65 220018 68 220527 71 221037 73 221548 73 222058 61 222120 13 222560 3 222570 61 222632 12 223072 5 223080 63 223146 9 223584 5 223591 64 224096 71 224608 71 225121 68 225637 62 226150 58 226662 57 227175 54 227687 30 227724 12 228200 27 228712 26 229226 23 229738 23 230251 9 230262 11 230764 7 230776 9 231276 6 231289 7 231789 5 231802 5 232302 4 232816 1
472b1c5ff988dadc209faea92499bc07f305208dbda29d16262b3d543ac91c71,179685 3 180196 8 180708 11 181219 13 181731 14 182242 16 182754 17 183266 18 183778 19 184290 19 184803 19 185315 19 185827 19 186338 21 186850 21 187362 21 187874 21 188386 20 188898 20 189410 20 189923 19 190435 19 190948 18 191460 18 191972 17 192485 15 192998 13 193511 10 194023 8 194535 7 195046 6 195558 5 196071 3
472b1c5ff988dadc209faea92499bc07f305208dbda29d16262b3d543ac91c71,180275 1 180781 8 181292 9 181803 10 182316 9 182830 5
472b1c5ff988dadc209faea92499bc07f305208dbda29d16262b3d543ac91c71,184935 4 185446 6 185958 7 186470 7 186982 7 187491 10 187995 18 188506 19 189018 19 189530 19 190042 19 190555 18 191068 17 191534 5 191580 17 192044 8 192092 17 192555 9 192603 18 193066 9 193086 5 193114 19 193577 9 193598 5 193625 20 194088 9 194110 6 194136 20 194599 11 194622 6 194648 20 195110 13 195134 7 195160 20 195621 16 195647 7 195671 20 196132 20 196159 8 196185 17 196644 23 196670 12 196698 15 197155 40 197211 13 197667 42 197722 14 198179 43 198234 13 198692 44 198745 13 199204 46 199254 16 199716 65 200228 64 200740 62 201252 61 201764 59 202277 56 202789 54 203302 49 203815 47 204328 43 204842 36 205357 27 205873 17 206396 2
472b1c5ff988dadc209faea92499bc07f305208dbda29d16262b3d543ac91c71,187985 1
472b1c5ff988dadc209faea92499bc07f305208dbda29d16262b3d543ac91c71,188734 1 189245 3 189758 2 190271 1
472b1c5ff988dadc209faea92499bc07f305208dbda29d16262b3d543ac91c71,195591 3 196097 12 196609 16 197121 22 197633 22 198145 23 198657 24 199169 25 199681 25 200193 26 200705 26 201217 26 201729 26 202241 27 202753 26 203265 26 203777 25 204289 24 204801 24 205313 24 205825 23 206337 21 206849 7 206861 8 207361 4
472b1c5ff988dadc209faea92499bc07f305208dbda29d16262b3d543ac91c71,195666 3 196177 4 196689 5 197202 3
472b1c5ff988dadc209faea92499bc07f305208dbda29d16262b3d543ac91c71,198628 8 199137 13 199648 15 200160 16 200671 17 201183 17 201695 17 202207 17 202718 18 203230 18 203742 19 204254 19 204766 19 205278 21 205789 23 206301 22 206813 21 207325 21 207838 19 208350 18 208863 15 209376 14 209889 12 210401 10 210915 7
472b1c5ff988dadc209faea92499bc07f305208dbda29d16262b3d543ac91c71,199898 7 200407 11 200902 4 200914 18 201411 34 201922 36 202433 37 202945 38 203457 38 203520 5 203969 38 204028 10 204482 38 204539 12 204996 36 205050 13 205510 34 205562 13 206023 34 206064 2 206074 13 206535 34 206574 6 206586 13 207046 36 207085 7 207097 14 207557 37 207596 8 207610 13 208067 50 208122 12 208577 52 208634 12 209088 53 209147 12 209599 54 209660 15 210110 55 210173 16 210621 44 210666 12 210686 18 211132 45 211179 11 211197 20 211644 59 211707 23 212156 87 212668 87 213180 88 213692 88 214204 41 214246 1 214248 44 214716 38 214764 40 215228 16 215246 18 215277 39 215740 9 215750 6 215759 15 215789 40 216253 6 216264 4 216271 14 216300 40 216767 2 216775 5 216785 11 216812 40 217287 6 217297 11 217322 42 217800 5 217810 9 217833 42 218312 5 218323 8 218339 2 218343 43 218827 1 218836 6 218849 48 219348 4 219360 49 219860 3 219872 48 220372 1 220384 46 220896 40 221408 39 221921 37 222433 37 222946 35 223458 18 223477 17 223970 17 223991 15 224482 17 224504 15 224995 15 225018 6 225025 5 225507 15 225532 1 225537 5 226019 14 226050 3 226531 14 227044 13 227557 12 228070 11 228584 9 229099 5
472b1c5ff988dadc209faea92499bc07f305208dbda29d16262b3d543ac91c71,208737 3 209249 2 209762 1
472b1c5ff988dadc209faea92499bc07f305208dbda29d16262b3d543ac91c71,210220 10 210729 15 211238 20 211745 26 212256 27 212767 28 213278 30 213789 31 214301 32 214812 33 215324 33 215835 35 216346 36 216857 37 217369 36 217880 37 218392 37 218904 36 219415 37 219927 36 220438 36 220950 35 221461 35 221973 34 222485 33 222997 32 223510 31 223544 3 224023 38 224540 33 225055 8 225070 16 225580 18 226091 20 226600 23 227108 28 227613 35 228123 38 228635 38 229146 39 229659 39 230171 39 230684 38 231196 38 231708 38 232220 38 232732 38 233243 39 233756 38 234268 37 234780 37 235292 37 235805 35 236318 35 236831 33 237344 32 237857 31 238370 29 238883 28 239396 27 239909 26 240423 23 240937 20 241450 17 241964 14 242477 10 242488 1 242490 1 242993 3
472b1c5ff988dadc209faea92499bc07f305208dbda29d16262b3d543ac91c71,211300 2 211810 4 212323 4 212835 4 213348 3 213860 4 214374 1
472b1c5ff988dadc209faea92499bc07f305208dbda29d16262b3d543ac91c71,212912 2 213425 3 213936 5 214450 2
472b1c5ff988dadc209faea92499bc07f305208dbda29d16262b3d543ac91c71,218812 2 219324 2
472b1c5ff988dadc209faea92499bc07f305208dbda29d16262b3d543ac91c71,221395 1 221902 1 221904 4 222412 8 222923 10 223434 10 223946 10 224458 3
472b1c5ff988dadc209faea92499bc07f305208dbda29d16262b3d543ac91c71,223056 7 223567 9 224078 11 224590 12 225102 12 225613 17 226126 17 226637 1 226644 11 227158 9 227671 8 228184 7 228697 8 229196 2 229210 9 229708 3 229712 2 229722 1 229725 7 230220 8 230234 11 230731 10 230744 13 231243 27 231755 27 232267 28 232779 28 233291 28 233804 27 234317 26 234830 25 235344 24 235857 25 236370 16 236390 4 236883 13 236902 5 237397 11 237415 4 237911 8 237927 4 238425 6 238440 3 238940 1 238952 3 239452 1 239464 3
472b1c5ff988dadc209faea92499bc07f305208dbda29d16262b3d543ac91c71,225988 5 226500 6 227012 8 227524 8 228036 9 228548 10 229062 8 229575 6
472b1c5ff988dadc209faea92499bc07f305208dbda29d16262b3d543ac91c71,230319 15 230830 17 231341 20 231852 21 232363 23 232875 23 233386 24 233897 26 234409 26 234921 26 235432 27 235944 27 236456 27 236968 27 237480 27 237992 27 238504 27 239018 24 239532 4 239541 12 240056 8
472b1c5ff988dadc209faea92499bc07f305208dbda29d16262b3d543ac91c71,230381 5 230892 8 231403 10 231912 13 232423 14 232934 15 233445 15 233956 17 234468 17 234980 18 235492 19 236005 19 236518 20 237031 20 237545 18 238058 18 238570 18 239083 18 239595 18 240107 18 240619 19 241131 19 241643 19 242155 20 242667 20 243179 20 243691 20 244203 19 244715 18 245228 15 245741 13 246253 13 246766 12 247279 11 247792 9 248305 8 248818 6
472b1c5ff988dadc209faea92499bc07f305208dbda29d16262b3d543ac91c71,233877 2 234388 4 234902 1
472b1c5ff988dadc209faea92499bc07f305208dbda29d16262b3d543ac91c71,236119 1 236630 1
472b1c5ff988dadc209faea92499bc07f305208dbda29d16262b3d543ac91c71,236938 7 237449 11 237960 16 238470 19 238981 20 239492 22 240004 22 240516 22 241027 22 241539 22 242052 21 242564 20 243077 19 243590 18 244102 17 244615 16 245128 14 245640 14 246144 4 246153 13 246654 23 247164 25 247674 27 248184 28 248695 29 249206 29 249716 31 250227 31 250738 33 251249 33 251760 35 252272 35 252784 35 253296 35 253807 36 254319 35 254831 34 255343 34 255855 33 256367 33 256879 33 257391 33 257903 32 258415 32 258927 31 259439 29 259951 28 260463 27 260976 26 261488 26 262000 25 262512 25 263024 25 263536 25 264049 23 264561 23 265073 22 265586 20 266099 18 266612 17 267126 13 267641 8
472b1c5ff988dadc209faea92499bc07f305208dbda29d16262b3d543ac91c71,238594 3 239105 3 239617 3 240130 1
472b1c5ff988dadc209faea92499bc07f305208dbda29d16262b3d543ac91c71,240476 1
472b1c5ff988dadc209faea92499bc07f305208dbda29d16262b3d543ac91c71,242508 5 243020 6 243532 6 244044 6 244558 5 245072 13 245086 3 245582 20 246094 22 246606 23 247118 23 247629 25 248141 27 248653 29 249166 28 249679 28 250192 27 250705 26 251218 25 251730 25 252243 24 252755 24 253268 23 253784 19 254297 19 254810 18 255322 18 255833 19 256345 8 256354 10 256857 7 256867 8 257370 6 257379 8 257882 6 257891 8 258396 4 258403 7 258915 7 259427 6 259940 5 260453 3 260966 1
472b1c5ff988dadc209faea92499bc07f305208dbda29d16262b3d543ac91c71,242608 1 243118 3 243629 5 244142 5 244655 3
472b1c5ff988dadc209faea92499bc07f305208dbda29d16262b3d543ac91c71,243467 1 243976 8 244487 11 244998 13 245509 16 246021 18 246532 21 247044 23 247556 25 248068 27 248579 33 249091 39 249603 43 250115 23 250142 20 250626 24 250656 19 251138 24 251172 1 251174 13 251649 26 251692 6 252161 27 252205 4 252673 28 252718 1 252720 1 253185 28 253696 30 254207 33 254718 36 255230 36 255742 38 256253 39 256765 40 257276 42 257788 42 258300 42 258812 41 259324 39 259836 37 260348 30 260860 5 260866 19 261372 5 261379 15 261885 4 261897 6 262402 12 262915 9 263428 7 263941 1 263943 1
472b1c5ff988dadc209faea92499bc07f305208dbda29d16262b3d543ac91c71,243512 3 244023 4 244533 6 245045 5 245557 1 245559 1
472b1c5ff988dadc209faea92499bc07f305208dbda29d16262b3d543ac91c71,243920 12 244430 15 244940 17 245451 18 245963 19 246474 20 246986 20 247498 20 248010 21 248522 21 249034 22 249546 23 250059 22 250571 23 251083 23 251595 24 252107 25 252619 25 253131 26 253644 25 254155 26 254667 26 255179 26 255690 27 256202 27 256713 28 257225 28 257736 29 258248 29 258760 29 259272 28 259783 29 260295 28 260807 28 261319 28 261831 28
472b1c5ff988dadc209faea92499bc07f305208dbda29d16262b3d543ac91c71,244169 1 244679 4 245190 5 245701 6 246211 9 246722 11 247232 14 247743 16 248255 16 248766 18 249278 18 249789 19 250301 19 250813 19 251324 21 251836 22 252348 23 252859 25 253371 27 253882 16 253901 10 254393 16 254414 9 254905 15 254926 9 255417 15 255438 9 255929 14 255950 9 256442 29 256954 29 257468 27 257980 26 258493 25 259005 25 259517 24 260029 24 260542 22 261056 19 261568 19 262081 18 262595 14 263108 13 263620 12 264133 10 264646 8 265160 3
472b1c5ff988dadc209faea92499bc07f305208dbda29d16262b3d543ac91c71,250692 5 251204 6 251715 7 252227 7 252740 6 253252 6 253765 6 254278 5 254790 6 255291 1 255301 7 255802 3 255812 8 255826 2 256315 3 256323 10 256337 3 256828 3 256832 13 256846 1 256848 5 257340 25 257852 25 258365 23 258878 15 258896 3 259394 11 259408 1 259410 1 259906 10 260420 6 260933 4 261446 1
472b1c5ff988dadc209faea92499bc07f305208dbda29d16262b3d543ac91c71,261044 5 261555 7 262066 9
472b1c5ff988dadc209faea92499bc07f305208dbda29d16262b3d543ac91c71,264392 3 264904 4 265415 6 265927 7 266439 7 266951 8 267463 9 267975 10 268487 13 268507 1 269000 22 269511 23 270022 25 270534 25 271046 24 271558 16 271578 1 272070 14 272582 12 273094 11 273607 9 274120 8 274633 7 275150 1 275662 1 276174 3 276679 11 277190 13 277702 13 278214 14 278725 16 279237 17 279749 17 280262 17 280774 17 281287 16 281799 16 282312 15 282824 15 283336 15 283847 16 284359 16 284871 17 285383 17 285895 18 286408 17 286921 16 287434 14 287946 13 288458 13 288971 11 289483 11 289995 11 290506 11 291017 12 291527 14 292038 15 292550 15 293062 15 293573 17 294085 16 294597 17 295109 16 295621 16 296133 15 296646 13 297159 12 297672 11 298184 10 298697 9 299209 9 299721 9 300234 8 300747 7 301260 6 301774 3
472b1c5ff988dadc209faea92499bc07f305208dbda29d16262b3d543ac91c71,267768 1 268276 7 268787 8 269298 10 269810 10 270322 11 270834 11 271347 11 271360 1 271859 14 272371 14 272884 13 273396 13 273908 13 274420 13 274932 13 275443 14 275955 14 276467 14 276979 14 277491 14 278002 15 278514 15 279026 15 279537 16 280049 16 280561 16 281073 16 281585 16 282097 16 282609 16 283121 16 283634 15 284147 14 284660 13 285173 12 285686 11 286199 10 286713 8 287227 6
472b1c5ff988dadc209faea92499bc07f305208dbda29d16262b3d543ac91c71,270675 9 271182 16 271690 21 272201 25 272712 28 273224 29 273735 31 274247 32 274759 33 275271 33 275783 34 276295 34 276807 35 277319 36 277831 36 278343 37 278855 37 279367 36 279879 36 280391 35 280903 36 281415 37 281927 37 282439 37 282952 35 283464 34 283977 32 284490 31 285002 30 285515 28 286028 26 286541 22 287055 17 287571 10
472b1c5ff988dadc209faea92499bc07f305208dbda29d16262b3d543ac91c71,271114 4 271626 4 272138 5 272649 6 273160 7 273672 6 274183 7 274695 7 274714 1 275207 8 275218 5 275224 1 275226 1 275228 1 275719 8 275728 13 275760 3 276232 22 276271 4 276744 26 276782 6 277260 25 277292 8 277774 25 277803 2 277806 6 278286 27 278314 3 278318 7 278798 30 278831 6 279312 27 279344 5 279824 28 279858 2 280337 28 280370 1 280372 1 280849 28 281360 31 281872 32 282383 36 282895 37 283408 37 283920 36 284433 36 284945 36 285458 23 285482 10 285970 21 285996 7 286482 21 286508 6 286994 22 287019 6 287507 28 288019 27 288532 26 289045 24 289560 21 290075 16
472b1c5ff988dadc209faea92499bc07f305208dbda29d16262b3d543ac91c71,273326 1 273837 4 274349 5 274861 6 275373 6 275886 6 276398 6 276910 6 277422 6 277935 5 278447 5 278959 5 279471 4 279984 1
472b1c5ff988dadc209faea92499bc07f305208dbda29d16262b3d543ac91c71,286445 7 286954 11 287465 13 287977 14 288488 15 288999 17 289511 17 290022 19 290533 20 291045 20 291556 21 292068 21 292580 21 293091 22 293603 22 294115 22 294627 22 295139 22 295651 22 296163 21 296675 21 297187 20 297699 19 298211 19 298722 19 299234 20 299746 21 300259 21 300771 21 301283 20 301795 19 302307 16 302819 15 303332 14 303844 14 304357 12 304870 11 305382 11 305895 10 306408 9 306921 7 307436 1
472b1c5ff988dadc209faea92499bc07f305208dbda29d16262b3d543ac91c71,288152 1 288663 4 289174 6 289686 6 290198 6 290710 6 291222 6 291734 5 292228 2 292239 2 292246 5 292739 6 292747 16 293250 24 293761 24 294273 22 294784 22 295296 21 295808 21 296320 20 296832 19 297344 19 297855 21 298367 22 298878 24 299390 26 299902 27 300414 27 300927 27 301439 28 301952 27 302466 24 302980 22 303492 22 304001 25 304511 26 305022 27 305534 27 306046 26 306559 22 307072 18 307586 14 308097 14 308608 14 309118 15 309628 17 310138 18 310650 17 311161 16 311672 14 312184 13 312704 3
472b1c5ff988dadc209faea92499bc07f305208dbda29d16262b3d543ac91c71,289706 1 290218 2 290728 5 291241 3 291752 5 292264 4 292776 4 293287 5 293798 6 293810 2 294310 6 294322 3 294821 8 294832 6 295333 17 295845 18 296357 18 296869 19 297382 18 297895 16 298408 15 298921 14 299434 13 299947 11 300461 9 300974 8 301487 6 302000 4
472b1c5ff988dadc209faea92499bc07f305208dbda29d16262b3d543ac91c71,290145 1 290657 1
472b1c5ff988dadc209faea92499bc07f305208dbda29d16262b3d543ac91c71,290653 3 291163 5
472b1c5ff988dadc209faea92499bc07f305208dbda29d16262b3d543ac91c71,294718 5 295226 16 295737 21 296248 24 296760 26 297272 27 297783 28 298295 28 298807 29 299319 31 299832 31 300344 32 300856 34 301368 35 301881 34 302393 35 302905 36 303417 36 303929 37 304442 35 304954 36 305467 35 305504 2 305980 39 306492 39 307005 37 307518 34 308029 34 308542 33 309054 33 309566 33 310078 33 310591 32 311103 25 311616 20 312129 17 312643 13 313156 10 313671 1 313673 1
472b1c5ff988dadc209faea92499bc07f305208dbda29d16262b3d543ac91c71,297176 2 297688 3 298200 4 298711 5 299223 5 299735 5 300247 5 300760 3 301272 2
472b1c5ff988dadc209faea92499bc07f305208dbda29d16262b3d543ac91c71,297447 11 297958 15 298469 18 298980 21 299492 23 300004 24 300516 25 301028 25 301540 26 302052 26 302563 28 303075 29 303587 30 304099 30 304611 30 305122 31 305635 30 306146 30 306658 29 307170 29 307682 29 308195 27 308707 27 309220 26 309732 25 310245 24 310757 24 311270 22 311783 21 312296 19 312809 18 313322 16 313835 14 314349 10 314865 1 314867 1
472b1c5ff988dadc209faea92499bc07f305208dbda29d16262b3d543ac91c71,297828 1 298341 2 298851 4 299365 1
472b1c5ff988dadc209faea92499bc07f305208dbda29d16262b3d543ac91c71,298261 7 298772 10 299283 12 299794 14 300306 15 300818 18 301329 22 301842 22 302354 23 302868 22 303382 21 303896 21 304408 21 304920 25 305431 28 305943 29 306455 29 306967 30 307479 30 307992 29 308506 27 309006 3 309020 25 309513 10 309533 25 310022 14 310045 25 310532 18 310558 25 311044 19 311070 25 311554 24 311580 27 312065 54 312577 55 313080 5 313088 56 313591 65 314103 65 314615 66 315127 66 315639 67 316151 67 316663 28 316692 37 317175 28 317204 37 317687 66 318199 66 318711 37 318751 24 319223 36 319265 22 319736 34 319778 20 320248 34 320291 10 320308 1 320760 34 320803 9 321273 32 321315 8 321785 33 321827 7 322298 32 322340 5 322811 31 322852 3 323323 31 323836 31 324348 31 324860 31 325372 30 325884 30 326396 30 326908 30 327420 29 327932 31 328444 32 328956 32 329468 32 329981 30 330494 29 331008 19 331028 6 331521 16 331543 3 332033 15 332545 15 333054 17 333565 17 334076 17 334587 18 335099 17 335610 17 336122 16 336634 15 337145 14 337657 8 337666 1 338169 8 338682 5
472b1c5ff988dadc209faea92499bc07f305208dbda29d16262b3d543ac91c71,304129 3 304641 4 305153 5 305665 6 306177 6 306689 7 307201 8 307713 9 308225 2 308228 1 308232 3 308743 6 309255 7 309767 7 310279 8 310791 7 311304 6 311816 5 312329 3
472b1c5ff988dadc209faea92499bc07f305208dbda29d16262b3d543ac91c71,308669 2 309179 5 309691 6 310202 7 310714 8 311225 10 311737 11 312249 11 312760 13 313272 13 313784 13 314296 13 314808 12 315321 11 315834 9 316347 6
472b1c5ff988dadc209faea92499bc07f305208dbda29d16262b3d543ac91c71,309978 1 310490 3 311002 4 311514 4 312026 3
472b1c5ff988dadc209faea92499bc07f305208dbda29d16262b3d543ac91c71,311201 9 311211 1 311712 16 312222 19 312732 21 313243 23 313754 24 314266 24 314776 26 315288 26 315799 27 316308 30 316818 32 317328 34 317839 35 318350 36 318858 40 319370 40 319882 40 320394 23 320420 13 320908 20 320932 13 321420 19 321445 12 321932 16 321956 12 322444 15 322467 12 322957 15 322975 16 323469 33 323982 32 324495 30 325007 30 325521 28 326035 26 326551 21 327065 19 327578 16 328092 8
472b1c5ff988dadc209faea92499bc07f305208dbda29d16262b3d543ac91c71,313705 3 314216 5 314728 5 315239 6 315751 6 316262 6 316774 5 317288 1
472b1c5ff988dadc209faea92499bc07f305208dbda29d16262b3d543ac91c71,314060 1 314062 1 314572 4 315083 6 315594 8 316105 12 316610 3 316614 20 317120 28 317631 31 318142 33 318654 34 319166 35 319677 38 320189 39 320701 40 321213 40 321725 42 322237 42 322749 43 323261 44 323773 45 324285 45 324796 47 325308 48 325820 49 325874 1 326332 50 326385 4 326843 51 326898 3 327355 51 327409 5 327867 13 327882 37 327920 7 328379 12 328394 45 328891 12 328906 45 329403 12 329417 37 329456 6 329915 11 329929 36 329968 5 330427 11 330440 35 330480 2 330940 9 330952 31 331452 8 331464 31 331965 6 331976 30 332479 2 332487 30 332999 29 333511 28 334023 26 334536 25 335048 24 335560 23 336072 22 336585 21 337098 19 337610 18 338123 16 338635 14 339148 10 339663 1
472b1c5ff988dadc209faea92499bc07f305208dbda29d16262b3d543ac91c71,316247 1 316758 5 317268 7 317780 8 318291 9 318803 8 319314 9 319825 9 320342 3
472b1c5ff988dadc209faea92499bc07f305208dbda29d16262b3d543ac91c71,317442 3 317954 1 317956 1
472b1c5ff988dadc209faea92499bc07f305208dbda29d16262b3d543ac91c71,331611 3 332121 5 332632 6 333143 6 333653 8 334164 7 334675 7 335186 8 335697 9 336209 14 336720 17 337232 17 337743 18 338255 18 338766 19 339277 20 339788 20 340300 14 340812 13 341325 14 341845 9 342358 9 342870 10 343382 10 343894 10 344406 10 344918 9 345430 7 345942 6 346455 5
472b1c5ff988dadc209faea92499bc07f305208dbda29d16262b3d543ac91c71,333597 1
472b1c5ff988dadc209faea92499bc07f305208dbda29d16262b3d543ac91c71,334215 7 334726 10 335237 14 335749 15 336260 17 336772 17 337283 18 337794 19 338305 20 338816 21 339328 21 339839 22 340352 21 340863 22 341376 21 341888 21 342400 21 342913 26 343425 8 343437 14 343937 8 343951 13 344449 8 344463 13 344961 8 344975 13 345474 7 345486 15 345986 7 345998 16 346499 5 346510 18 347013 2 347021 19 347533 20 348045 20
472b1c5ff988dadc209faea92499bc07f305208dbda29d16262b3d543ac91c71,334633 2 335145 2 335656 4 336167 4
472b1c5ff988dadc209faea92499bc07f305208dbda29d16262b3d543ac91c71,337547 2 338058 1 338060 1 338569 4 339082 1
472b1c5ff988dadc209faea92499bc07f305208dbda29d16262b3d543ac91c71,340269 4 340776 9 341282 16 341792 18 342295 5 342301 21 342805 29 343316 29 343827 30 344339 30 344851 31 345361 1 345363 30 345870 35 346375 6 346382 6 346390 28 346885 16 346904 26 347397 16 347418 24 347908 17 347931 23
472b1c5ff988dadc209faea92499bc07f305208dbda29d16262b3d543ac91c71,341653 1 342163 5 342674 6 343186 6 343698 6 344209 7 344721 7 345233 6 345745 7 346257 6 346769 6 347281 5 347794 2
472b1c5ff988dadc209faea92499bc07f305208dbda29d16262b3d543ac91c71,344057 1 344567 5 345077 9 345587 12 346096 17 346608 17 347120 17 347632 17 348145 16
0f1f896d9ae5a04752d3239c690402c022db4d72c0d2c087d73380896f72c466,261 9 773 8 1286 6 1798 6 2311 5 2825 2
0f1f896d9ae5a04752d3239c690402c022db4d72c0d2c087d73380896f72c466,283 30 795 30 1308 28 1819 28 2331 28 2843 28 3354 28 3866 28 4379 27 4891 27 5406 23 5919 22 6432 20 6944 19 7456 16 7967 15 8477 15 8987 12 9497 10 10009 5 10521 3
0f1f896d9ae5a04752d3239c690402c022db4d72c0d2c087d73380896f72c466,401 9 914 8 1424 9 1934 12 2445 14 2956 15 3468 15 3979 15 4491 15 5004 13 5516 11 6030 6
0f1f896d9ae5a04752d3239c690402c022db4d72c0d2c087d73380896f72c466,2399 3 2910 4 3421 5 3932 6 4444 6 4957 5 5470 3
0f1f896d9ae5a04752d3239c690402c022db4d72c0d2c087d73380896f72c466,2728 7 3237 12 3748 13 4259 15 4770 16 5282 16 5794 16 6305 18 6817 18 7329 18 7840 18 8351 18 8862 19 9372 21 9884 21 10395 22 10907 21 11419 21 11931 20 12443 19 12955 18 13467 16 13979 15 14491 14 15002 15 15514 15 16025 16 16537 16 17049 15 17561 15 18073 14 18585 13 19097 12 19609 12 20121 12 20633 11 21145 12 21657 11 22169 11 22681 11 23193 11 23706 10 24218 9 24730 10 25242 9 25754 9 26266 8 26778 7 27290 6 27803 3
0f1f896d9ae5a04752d3239c690402c022db4d72c0d2c087d73380896f72c466,5378 1 5889 4 6401 5 6913 5 7425 6 7937 6 8449 6 8961 6 9473 6 9985 6 10498 5 11010 5 11522 4 12035 3 12547 2
0f1f896d9ae5a04752d3239c690402c022db4d72c0d2c087d73380896f72c466,6861 2 7371 6 7882 8 8393 10 8904 12 9411 17 9920 20 10430 22 10942 21 11453 20 11964 15 11980 1 11982 3 12475 21 12987 21 13498 22 14010 23 14521 24 15032 27 15544 29 16055 31 16566 32 17078 32 17589 32 18101 30 18612 29 19124 29 19636 29 20147 30 20659 31 21171 31 21683 24 21710 1 21712 1 22195 22 22707 22 23220 23 23732 24 24244 26 24757 25 25269 24 25782 22 26295 21 26808 19 27321 14 27833 14 28346 12 28859 9 29372 5
0f1f896d9ae5a04752d3239c690402c022db4d72c0d2c087d73380896f72c466,7630 3 8142 4 8653 6 9165 6 9678 6 10190 5 10702 4 11214 4 11726 4 12238 4 12749 6 13261 7 13773 8 14285 8 14798 8 15310 8 15823 6 16335 6 16848 5 17361 4 17874 3 18387 2 18900 7 19413 6 19926 5 20438 6 20951 6 21462 7 21975 7 22488 8 23000 7 23513 6 24027 2
0f1f896d9ae5a04752d3239c690402c022db4d72c0d2c087d73380896f72c466,8976 1 9489 1
0f1f896d9ae5a04752d3239c690402c022db4d72c0d2c087d73380896f72c466,9206 3 9716 7 10227 10 10738 13 11250 15 11762 15 12274 15 12787 14 13300 13 13813 12 14326 11 14838 11 15350 11 15863 10 16375 10 16888 9 17402 7 17917 4 18431 2 18944 1
0f1f896d9ae5a04752d3239c690402c022db4d72c0d2c087d73380896f72c466,12091 5 12602 8 13113 10 13624 12 14135 13 14642 19 15153 21 15665 22 16176 24 16688 24 17200 24 17711 25 18222 26 18733 27 19245 27 19757 26 20270 25 20789 17 21302 16 21816 13 22330 9
0f1f896d9ae5a04752d3239c690402c022db4d72c0d2c087d73380896f72c466,13570 1
0f1f896d9ae5a04752d3239c690402c022db4d72c0d2c087d73380896f72c466,18543 11 19052 16 19562 19 20071 23 20580 27 21090 29 21602 29 22112 25 22623 25 23134 26 23645 27 24156 28 24667 29 25178 30 25689 30 26200 30 26711 30 27223 29 27735 29 28246 29 28758 29 29269 30 29781 30 30293 30 30804 30 31316 30 31827 30 32339 30 32850 30 33361 31 33871 32 34382 32 34893 33 35404 34 35914 36 36423 39 36933 42 37444 43 37955 44 38467 44 38979 44 39492 43 40005 41 40518 39 41032 37 41546 34 42059 32 42573 30 43087 17 43110 3 43601 11
0f1f896d9ae5a04752d3239c690402c022db4d72c0d2c087d73380896f72c466,20226 1 20737 3 21249 2 21761 2 22273 2
0f1f896d9ae5a04752d3239c690402c022db4d72c0d2c087d73380896f72c466,23489 4 23999 9 24510 11 25022 13 25534 14 26046 15 26559 15 27072 17 27585 17 28098 16 28612 15 29126 14 29640 13 30153 13 30666 13 31178 14 31690 15 32202 16 32714 16 33227 16 33739 17 34252 17 34765 17 35277 19 35790 19 36302 20 36814 21 37327 21 37838 22 38350 7 38361 12 38394 1 38864 4 38874 11 38906 1 39386 11 39416 3 39898 11 39928 4 40410 12 40434 3 40439 5 40923 13 40944 13 41436 15 41456 17 41954 31 42466 31 42978 31 43490 31 44002 31 44515 30 45030 15 45047 10 45544 11 45560 9 46058 9 46073 8 46576 1 46586 7 47098 7 47611 6 48124 5 48638 3 49150 3 49663 2 50176 1 50688 1 51200 1 51712 1 52224 1
0f1f896d9ae5a04752d3239c690402c022db4d72c0d2c087d73380896f72c466,23819 1 24330 4 24841 5 25353 5 25865 4 26377 4 26889 3 27402 1
0f1f896d9ae5a04752d3239c690402c022db4d72c0d2c087d73380896f72c466,24353 24 24851 5 24862 34 25362 7 25372 36 25874 1 25876 3 25880 1 25884 35 26389 41 26904 36 27416 33 27928 32 28439 22 28462 1 28464 1 28466 1 28951 21 29463 14 29478 1 29480 1 29482 9 29496 5 29975 16 29992 1 29994 11 30006 7 30487 39 30999 39 31512 38 32024 38 32537 37 33050 36 33563 35 34076 33 34589 33 35103 30 35147 1 35616 29 35658 3 36129 27 36170 4 36643 25 36681 5 37156 24 37186 2 37193 6 37670 24 37696 5 37704 7 38184 29 38216 7 38699 26 38728 7 39212 24 39239 8 39725 22 39750 9 40237 34 40749 33 41261 9 41272 22 41773 9 41784 21 42285 8 42296 21 42799 6 42808 20 43320 20 43831 21 44342 22 44854 22 45365 23 45877 23 46389 23 46901 23 47414 22 47927 21 48439 20 48952 19 49464 19 49976 18 50488 18 51001 16 51513 15 52025 12 52538 9 53052 5
0f1f896d9ae5a04752d3239c690402c022db4d72c0d2c087d73380896f72c466,25317 1 25826 11 26336 14 26848 15 27359 16 27870 18 28382 18 28893 20 29404 22 29916 22 30427 24 30939 24 31450 25 31960 26 32468 30 32976 34 33487 35 33998 35 34510 35 35021 36 35532 37 36044 37 36555 37 37067 36 37579 36 38091 35 38603 35 39115 35 39628 33 40141 32 40654 31 41168 28 41681 26 42194 23 42707 20 43221 17 43735 14 44251 7
0f1f896d9ae5a04752d3239c690402c022db4d72c0d2c087d73380896f72c466,35165 3 35676 5 36184 9 36695 10 37206 11 37718 11 38229 12 38741 13 39253 14 39764 16 40276 16 40788 16 41299 17 41811 17 42322 17 42834 17 43346 16 43857 16 44369 14 44881 13 45393 12 45905 10 46418 8 46931 4
0f1f896d9ae5a04752d3239c690402c022db4d72c0d2c087d73380896f72c466,35768 1 36276 1 36278 3 36787 7 37299 8 37812 9 38328 1 38330 3 38842 4 39355 4 39867 6 40379 6 40890 9 41400 12 41911 14 41940 1 42422 15 42450 4 42925 3 42933 17 42954 4 42960 6 43436 6 43443 1 43445 17 43464 15 43948 44 44461 44 44974 7 44982 37 45487 6 45495 39 45999 6 46008 38 46511 7 46521 36 47024 6 47034 36 47536 8 47547 35 48048 8 48060 34 48560 10 48574 31 49072 10 49088 28 49583 13 49600 12 49616 11 50094 15 50110 14 50128 11 50606 15 50622 14 50642 3 50646 5 51119 29 51152 12 51635 25 51664 12 52148 24 52174 15 52661 22 52687 14 53173 23 53199 15 53686 22 53712 16 54198 22 54224 17 54710 23 54736 17 55223 30 55256 8 55735 30 55770 6 56248 29 56284 3 56761 27 57274 26 57787 25 58300 25 58814 23 59327 24 59352 1 59840 26 60352 26 60864 27 61376 27 61888 28 62400 29 62911 30 63423 31 63935 31 64447 30 64959 29 65471 18 65494 3 65983 18 66494 18 67006 18 67518 17 68030 17 68542 16 69055 14 69568 12 70082 9 70597 4
0f1f896d9ae5a04752d3239c690402c022db4d72c0d2c087d73380896f72c466,37355 3 37866 4 38378 1 38380 1
0f1f896d9ae5a04752d3239c690402c022db4d72c0d2c087d73380896f72c466,37642 4 38154 1 38158 1 38160 3 38664 13 39176 13 39688 13 40199 13 40713 10 41229 5 41744 1
0f1f896d9ae5a04752d3239c690402c022db4d72c0d2c087d73380896f72c466,37836 1
0f1f896d9ae5a04752d3239c690402c022db4d72c0d2c087d73380896f72c466,40078 3 40589 5 41100 8 41611 10 42122 12 42633 14 43144 16 43656 18 44167 20 44679 22 45191 23 45702 25 46215 24 46727 25 47238 26 47750 26 48261 27 48773 14 48790 10 49284 15 49302 9 49796 15 49813 10 50309 12 50322 1 50324 9 50821 12 50835 9 51333 11 51347 8 51845 11 51860 6 52357 11 52373 4 52869 11 53381 12 53893 12 54404 11 54917 6 55430 3
0f1f896d9ae5a04752d3239c690402c022db4d72c0d2c087d73380896f72c466,43996 1 44508 1
0f1f896d9ae5a04752d3239c690402c022db4d72c0d2c087d73380896f72c466,43998 1 44510 1
0f1f896d9ae5a04752d3239c690402c022db4d72c0d2c087d73380896f72c466,46988 5 47499 14 48009 18 48519 20 49029 23 49539 24 50050 26 50561 26 51073 27 51585 28 52097 28 52609 29 53121 29 53633 29 54144 29 54655 29 55166 30 55678 29 56190 29 56702 23 56728 3 57214 23 57240 4 57726 22 57752 5 58238 23 58263 7 58750 23 58774 1 58776 6 59262 32 59774 33 60285 34 60797 32 61308 31 61820 26 62332 25 62842 27 63354 27 63867 26 64380 25 64892 23 65404 18 65424 2 65916 17 65936 1 66428 17 66448 1 66941 16 67454 15 67966 16 68479 15 68992 15 69504 15 70016 16 70529 18 71041 20 71554 20 72066 21 72578 22 73091 21 73603 21 74116 19 74628 19 75140 19 75652 18 76164 18 76676 19 77189 18 77701 18 78213 19 78725 19 79238 19 79750 19 80263 18 80775 18 81287 18 81799 18 82311 18 82823 18 83336 17 83849 16 84362 17 84876 16 85390 15 85903 14 86416 13 86928 13 87440 13 87953 11 88466 2 88471 5 88986 1
0f1f896d9ae5a04752d3239c690402c022db4d72c0d2c087d73380896f72c466,47586 3 48096 9 48608 11 49120 11 49632 12 50145 11 50658 11 51170 11 51683 9 52196 8
0f1f896d9ae5a04752d3239c690402c022db4d72c0d2c087d73380896f72c466,48754 8 49262 13 49772 15 50282 18 50794 18 51305 20 51816 21 52328 21 52839 22 53351 22 53863 22 54375 22 54886 22 55398 22 55909 22 56420 22 56930 23 57442 22 57953 23 58465 22 58976 23 59488 22 60000 22 60511 21 61022 22 61534 21 62045 22 62556 23 63068 23 63579 23 64091 22 64603 22 65115 21 65627 20 66139 19 66651 18 67162 17 67674 15 68186 14 68698 13 69211 11 69723 10 70236 8 70750 4
0f1f896d9ae5a04752d3239c690402c022db4d72c0d2c087d73380896f72c466,48927 2 49440 2 49952 1
0f1f896d9ae5a04752d3239c690402c022db4d72c0d2c087d73380896f72c466,49652 1
0f1f896d9ae5a04752d3239c690402c022db4d72c0d2c087d73380896f72c466,49940 1 50451 3 50963 3 51475 4 51987 4 52500 1
0f1f896d9ae5a04752d3239c690402c022db4d72c0d2c087d73380896f72c466,52507 1 53017 5 53529 6 54041 6 54553 6 55065 6 55577 5
0f1f896d9ae5a04752d3239c690402c022db4d72c0d2c087d73380896f72c466,53521 3 54031 5 54542 6 55053 8 55564 10 56075 12 56586 13 57098 12 57609 13 58121 12 58633 11 59146 10 59658 10 60169 13 60681 15 61193 16 61704 18 62216 18 62729 17 63241 16 63754 15 64268 13 64781 10 65295 5
0f1f896d9ae5a04752d3239c690402c022db4d72c0d2c087d73380896f72c466,54120 6 54632 7 55142 11 55654 13 56165 15 56677 16 57189 16 57700 17 58212 18 58724 18 59236 18 59748 19 60260 19 60772 19 61284 19 61795 20 62307 21 62819 20 63330 22 63842 21 64353 22 64865 22 65377 22 65888 22 66400 22 66912 22 67423 23 67935 23 68447 23 68959 22 69471 23 69983 22 70495 23 71007 23 71519 24 72031 24 72542 26 73054 25 73566 25 74077 26 74588 27 75100 26 75612 26 76124 25 76636 25 77149 24 77662 23 78174 23 78687 23 79199 22 79222 1 79712 22 80224 21 80737 20 81249 18 81762 17 82275 15 82787 15 83299 14 83812 13 84324 14 84836 14 85348 15 85860 15 86371 16 86884 16 87396 16 87908 17 88422 15 88934 15 89447 13 89961 11 90473 10 90986 3 90990 1 90994 1 91506 3 92016 7 92528 8 93039 10 93552 9 94064 9 94576 8 95090 5 95604 1
0f1f896d9ae5a04752d3239c690402c022db4d72c0d2c087d73380896f72c466,55523 4 56033 8 56544 10 57055 12 57566 13 58077 15 58588 16 59098 19 59610 20 60121 21 60632 23 61144 23 61655 24 62166 25 62678 25 63189 26 63700 26 64212 26 64723 26 65234 27 65746 27 66258 26 66769 26 67280 27 67792 26 68304 25 68815 25 69327 25 69839 23 70350 23 70861 23 71372 23 71883 23 72394 23 72906 22 73417 22 73929 22 74440 22 74952 21 75464 19 75975 17 76487 17 76999 16 77510 17 78022 16 78534 16 79047 14 79560 3 80073 1
0f1f896d9ae5a04752d3239c690402c022db4d72c0d2c087d73380896f72c466,65151 5 65162 3 65657 2 65660 10 65674 5 66169 23 66681 16 66698 7 67192 26 67704 26 68209 2 68216 18 68235 7 68719 5 68727 18 68748 6 69230 7 69238 19 69260 6 69741 28 69773 6 70252 29 70285 6 70764 29 70797 6 71276 29 71309 6 71789 3 71796 21 71821 6 72307 22 72333 6 72819 22 72846 5 73331 10 73342 11 73358 6 73843 11 73855 10 73870 6 74354 24 74382 7 74866 24 74894 7 75377 25 75406 8 75889 25 75919 7 76400 26 76430 8 76913 25 76943 6 77425 24 77455 6 77937 24 77967 5 78449 24 78478 7 78962 22 78990 6 79474 9 79487 9 79501 8 79985 9 79999 8 80012 9 80498 8 80512 6 80524 9 81010 8 81024 5 81035 10 81522 8 81538 2 81547 10 82033 8 82058 11 82545 8 82570 11 83058 7 83081 10 83569 8 83592 9 84082 7 84100 1 84102 8 84595 4 84610 11 85108 1 85121 10 85633 10 86147 7 86660 6 87174 3
0f1f896d9ae5a04752d3239c690402c022db4d72c0d2c087d73380896f72c466,65795 4 66305 8 66817 10 67329 10 67841 11 68353 10 68867 2
0f1f896d9ae5a04752d3239c690402c022db4d72c0d2c087d73380896f72c466,67113 5 67624 7 67635 4 68135 9 68145 7 68646 11 68658 7 69158 19 69670 18 70182 18 70688 5 70694 17 71200 22 71711 19 72223 18 72736 17 73249 15 73763 12
0f1f896d9ae5a04752d3239c690402c022db4d72c0d2c087d73380896f72c466,67753 1
0f1f896d9ae5a04752d3239c690402c022db4d72c0d2c087d73380896f72c466,69797 1
0f1f896d9ae5a04752d3239c690402c022db4d72c0d2c087d73380896f72c466,70821 2 71332 4 71843 5 72356 4 72867 5 73380 3 73893 1
0f1f896d9ae5a04752d3239c690402c022db4d72c0d2c087d73380896f72c466,74715 2 75226 3 75737 4 76249 4 76763 2
0f1f896d9ae5a04752d3239c690402c022db4d72c0d2c087d73380896f72c466,78612 11 79121 15 79630 18 80141 19 80652 20 81164 20 81675 21 82187 21 82699 21 83211 21 83723 21 84235 20 84747 20 85259 20 85771 20 86283 21 86794 22 87305 22 87816 23 88328 22 88840 20 89353 16 89866 14 90381 10 90894 8 91407 5 91921 1
0f1f896d9ae5a04752d3239c690402c022db4d72c0d2c087d73380896f72c466,84940 1
0f1f896d9ae5a04752d3239c690402c022db4d72c0d2c087d73380896f72c466,91034 4 91538 1 91546 4 92047 6 92056 6 92559 16 93070 17 93582 17 94094 17 94606 17 95118 17 95630 17 96142 18 96654 19 97166 21 97682 18 98198 15 98711 14 99224 13 99736 13 100248 13 100760 13 101273 12 101784 13 102297 11 102809 9 103321 8 103834 5
0f1f896d9ae5a04752d3239c690402c022db4d72c0d2c087d73380896f72c466,94659 1 95172 1
0f1f896d9ae5a04752d3239c690402c022db4d72c0d2c087d73380896f72c466,96462 4 96970 12 97480 19 97990 23 98502 24 99013 26 99525 27 100037 28 100549 29 101062 29 101575 29 102088 28 102602 26 103116 24 103615 3 103630 22 104124 9 104143 21 104635 13 104655 21 105146 16 105167 21 105657 18 105679 20 106169 19 106195 16 106680 20 106708 14 107192 20 107221 12 107704 19 107733 11 108216 20 108244 12 108728 20 108756 11 109240 20 109268 10 109752 21 109774 14 110265 33 110777 29 111290 28 111803 27 112317 25 112831 24 113346 21 113859 21 114371 21 114884 20 115396 20 115908 20 116421 19 116934 18 117447 17 117962 13 118477 10 118991 6 119505 3
0f1f896d9ae5a04752d3239c690402c022db4d72c0d2c087d73380896f72c466,99988 2 100497 6 101004 12 101514 15 102024 17 102535 19 103045 22 103557 22 104068 24 104579 25 105091 25 105602 27 106114 27 106626 27 107137 29 107649 28 108161 29 108673 29 109185 29 109696 30 110208 30 110720 30 111231 31 111743 31 112254 31 112766 31 113278 30 113790 29 114287 8 114301 30 114798 10 114813 28 115309 12 115325 26 115820 13 115836 26 116332 41 116844 40 117356 39 117867 38 118380 37 118892 36 119404 35 119916 35 120428 34 120940 34 121453 14 121470 15 121965 12 121984 12 122478 9 122497 10 122993 3 123011 5 123524 3 124037 1 124549 1 125059 2
0f1f896d9ae5a04752d3239c690402c022db4d72c0d2c087d73380896f72c466,101132 3 101643 5 102154 7 102666 7 103177 9 103689 9 104200 10 104712 11 105224 12 105736 12 106248 12 106761 11 107273 11 107787 8 108302 4
0f1f896d9ae5a04752d3239c690402c022db4d72c0d2c087d73380896f72c466,101238 1 101240 1 101750 1 101752 1 102262 3 102769 9 103280 11 103792 11 104304 12 104815 13 105328 13 105840 13 105860 3 106352 14 106371 6 106864 16 106883 9 107377 29 107889 29 108402 28 108914 28 109426 27 109938 27 110450 25 110962 24 111475 24 111987 24 112500 17 112518 7 112528 1 113013 25 113039 3 113525 29 114038 28 114550 29 115063 29 115575 29 116087 30 116600 29 117113 29 117626 28 118139 28 118653 26 119166 25 119679 24 120191 24 120704 23 121216 23 121728 23 122240 24 122753 23 123267 22 123780 22 124293 21 124806 20 125319 20 125832 19 126345 18 126859 16 127374 14 127887 13 128400 13 128913 13 129425 14 129937 15 130449 16 130962 15
0f1f896d9ae5a04752d3239c690402c022db4d72c0d2c087d73380896f72c466,102567 1
0f1f896d9ae5a04752d3239c690402c022db4d72c0d2c087d73380896f72c466,111364 1
0f1f896d9ae5a04752d3239c690402c022db4d72c0d2c087d73380896f72c466,111874 1
0f1f896d9ae5a04752d3239c690402c022db4d72c0d2c087d73380896f72c466,112384 1 112892 5 113401 8 113911 10 114423 10 114934 11 115446 10 115957 10 116470 7 116982 6 117496 2
0f1f896d9ae5a04752d3239c690402c022db4d72c0d2c087d73380896f72c466,118953 1 119464 3 119976 3 120487 5 120999 5 121511 6 122023 5 122535 5 123047 5 123559 5 124071 4 124583 5 124596 1 125093 7 125106 5 125118 5 125604 9 125616 7 125624 1 125629 9 126115 21 126140 13 126627 21 126650 16 127139 21 127161 18 127651 40 128163 40 128675 39 129188 37 129700 36 130212 35 130724 35
0f1f896d9ae5a04752d3239c690402c022db4d72c0d2c087d73380896f72c466,122185 7 122696 10 123207 13 123718 16 124230 17 124741 19 125253 20 125765 21 126277 22 126789 23 127301 24 127813 25 128326 26 128838 27 129350 28 129862 29 130374 29 130404 1 130886 31
0f1f896d9ae5a04752d3239c690402c022db4d72c0d2c087d73380896f72c466,126835 2
0f1f896d9ae5a04752d3239c690402c022db4d72c0d2c087d73380896f72c466,128788 5 129300 5 129812 6 130324 7 130836 7
0f1f896d9ae5a04752d3239c690402c022db4d72c0d2c087d73380896f72c466,129328 1 129839 4 130350 7 130862 9
0f1f896d9ae5a04752d3239c690402c022db4d72c0d2c087d73380896f72c466,130426 1 130428 1 130938 3
0f1f896d9ae5a04752d3239c690402c022db4d72c0d2c087d73380896f72c466,130802 1
0f1f896d9ae5a04752d3239c690402c022db4d72c0d2c087d73380896f72c466,130804 1
0f1f896d9ae5a04752d3239c690402c022db4d72c0d2c087d73380896f72c466,130806 1
0f1f896d9ae5a04752d3239c690402c022db4d72c0d2c087d73380896f72c466,130808 1
0f1f896d9ae5a04752d3239c690402c022db4d72c0d2c087d73380896f72c466,130844 1
0f1f896d9ae5a04752d3239c690402c022db4d72c0d2c087d73380896f72c466,130936 1
0f1f896d9ae5a04752d3239c690402c022db4d72c0d2c087d73380896f72c466,131032 1
0f1f896d9ae5a04752d3239c690402c022db4d72c0d2c087d73380896f72c466,132948 1 133458 8 133968 12 133987 3 134479 14 134496 7 134991 25 135502 27 136012 1 136014 28 136525 30 137037 31 137550 30 138062 30 138575 30 139087 30 139600 29 140112 29 140624 14 140640 1 140642 12 141137 13 141156 1 141158 8 141649 30 142162 29 142675 28 143188 28 143701 27 144213 27 144726 27 145239 29 145752 29 146267 27 146780 26 147294 25 147806 25 148318 26 148830 27 149343 27 149856 28 150370 27 150883 27 151396 27 151908 27 152420 28 152932 28 153444 29 153957 30 154469 31 154982 31 155494 33 156006 34 156517 36 157029 37 157541 38 158053 38 158565 39 159078 23 159102 15 159591 22 159615 14 160104 38 160616 38 161130 37 161643 36 162156 35 162670 33 163184 31 163699 28 164214 25 164728 22 165242 21 165755 19 166268 18 166780 18 167292 18 167804 17 168317 16 168829 16 169341 15 169853 14 170366 12 170879 9 171394 3
0f1f896d9ae5a04752d3239c690402c022db4d72c0d2c087d73380896f72c466,133424 5 133935 8 134447 12 134959 14 135470 16 135982 17 136493 18 137003 21 137516 20 138029 20 138542 19 139053 21 139565 22 140076 24 140588 25 141100 26 141612 27 142124 28 142637 28 143150 27 143662 27 144174 28 144687 27 145199 8 145210 16 145711 8 145722 17 146224 8 146234 18 146736 30 147248 31 147760 31 148273 30 148786 9 148798 17 149298 8 149312 16 149811 7 149824 16 150324 5 150337 15 150838 1 150840 1 150850 13 151352 1 151363 12 151876 11 152388 11 152902 9 153414 9 153927 8 154439 8 154952 7 155468 2
0f1f896d9ae5a04752d3239c690402c022db4d72c0d2c087d73380896f72c466,134208 7 134718 10 135228 12 135739 13 136249 15 136759 17 137270 18 137782 18 138293 19 138804 21 139315 22 139827 22 140338 23 140849 24 141360 25 141871 25 142383 25 142894 25 143405 24 143917 21 144428 20 144939 20 145451 19 145962 19 146474 19 146986 17 147498 17 148010 16 148523 14 149035 14 149547 13 150059 12 150571 11 151084 4
0f1f896d9ae5a04752d3239c690402c022db4d72c0d2c087d73380896f72c466,138706 3 138718 2 139217 7 139226 10 139730 20 140242 21 140755 22 141267 24 141780 25 142292 27 142805 27 143317 28 143829 29 144342 13 144358 12 144857 10 144872 10 145373 5 145386 8 145886 3 145900 6
0f1f896d9ae5a04752d3239c690402c022db4d72c0d2c087d73380896f72c466,142329 4 142840 5 143352 5 143864 5 144376 3
0f1f896d9ae5a04752d3239c690402c022db4d72c0d2c087d73380896f72c466,145009 1
0f1f896d9ae5a04752d3239c690402c022db4d72c0d2c087d73380896f72c466,146356 2 146868 3 147380 3
0f1f896d9ae5a04752d3239c690402c022db4d72c0d2c087d73380896f72c466,147369 1 147880 3 148392 3 148903 4 149414 5 149926 5 150438 4 150950 3 151463 1
0f1f896d9ae5a04752d3239c690402c022db4d72c0d2c087d73380896f72c466,149943 2 150454 4 150966 5 151470 2 151477 6 151982 14 152494 14 153008 11 153520 4 153528 3 154032 4 154545 2
0f1f896d9ae5a04752d3239c690402c022db4d72c0d2c087d73380896f72c466,151867 1 152378 3 152890 5 153402 6 153915 6
0f1f896d9ae5a04752d3239c690402c022db4d72c0d2c087d73380896f72c466,154965 1 155475 5 155986 7 156498 8 157008 1 157010 8 157519 12 158029 15 158540 16 159051 18 159562 20 160074 21 160586 21 161099 21 161612 20 162125 20 162638 19 163152 18 163664 18 164177 18 164690 17 165203 16 165716 14 166229 12 166742 9 167256 4
0f1f896d9ae5a04752d3239c690402c022db4d72c0d2c087d73380896f72c466,156443 2 156953 7 157463 10 157975 11 158486 13 158998 13 159510 13 160022 13 160534 13 161046 13 161559 11 162071 11 162583 11 163095 12 163608 12 164120 14 164633 16 165146 16 165659 16 166171 17 166683 18 167196 17 167708 17 168220 15 168732 13 169246 9 169758 11 170270 10 170783 10 171295 11 171808 11 172321 11 172834 10 173348 1 173350 6 173863 5 174377 2 174888 1 174890 1
0f1f896d9ae5a04752d3239c690402c022db4d72c0d2c087d73380896f72c466,156462 3 156972 1 156974 5 157483 8 157995 8 158512 3 159024 1 159026 1 159539 2 160050 5 160562 8 161074 9 161580 1 161583 14 162090 19 162603 18 163116 17 163629 21 164141 25 164654 24 165166 25 165678 25 166191 25 166702 28 167214 29 167726 30 168238 30 168751 30 169264 29 169776 29 170289 29 170802 28 171316 25 171830 24 172342 24 172855 24 172880 5 173368 25 173394 3 173881 29 174394 28 174907 28 175408 4 175420 27 175448 1 175917 7 175933 29 176430 7 176445 31 176942 7 176957 31 177455 6 177464 37 177967 46 178481 45 178993 46 179506 45 180022 43 180537 39 181052 35 181566 33 182078 32 182591 8 182602 20 183104 7 183115 20 183618 5 183628 19 184130 5 184140 24 184644 3 184652 25 185158 1 185164 25 185675 26 186183 31 186696 30 187208 30 187721 29 188233 28 188746 26 189258 25 189771 25 190284 25 190797 25 191311 25 191824 24 192337 23 192850 20 193362 19 193876 16 194388 15 194902 13 195415 11 195930 8 196444 5
0f1f896d9ae5a04752d3239c690402c022db4d72c0d2c087d73380896f72c466,165910 5 166420 10 166930 13 167440 16 167951 18 168462 20 168973 23 169484 25 169995 26 170506 28 171017 29 171529 30 172040 31 172552 31 173064 31 173575 33 174087 34 174599 34 175111 35 175622 31 175654 4 176134 30 176646 29 177158 29 177669 29 178181 26 178693 24 179205 22 179717 21 180229 20 180741 20 181253 19 181765 18 182277 17 182789 16 183301 15 183814 14 184326 13 184839 12 185352 10 185865 8 186378 6 186894 1
0f1f896d9ae5a04752d3239c690402c022db4d72c0d2c087d73380896f72c466,166047 4 166054 9 166558 18 167070 19 167582 21 168093 24 168605 25 169117 26 169630 25 170142 26 170654 26 171167 25 171679 25 172191 25 172703 24 173216 22 173729 12 173746 3 174242 12 174258 3 174755 12 174769 4 175270 1 175272 14 175786 13 176300 12 176811 14 177323 14 177835 14 178347 15 178859 15 179370 16 179882 16 180393 17 180905 16 181416 17 181928 17 182440 16 182951 17 183463 17 183974 18 184486 17 184998 17 185510 16 186022 15 186535 14 187048 12 187560 12 188073 10 188585 10 189098 8 189611 6
0f1f896d9ae5a04752d3239c690402c022db4d72c0d2c087d73380896f72c466,170359 3
0f1f896d9ae5a04752d3239c690402c022db4d72c0d2c087d73380896f72c466,171572 4 172083 8 172594 12 173106 13 173618 14 174130 15 174642 15 175154 15 175666 16 176177 18 176689 18 177201 18 177714 17 178225 18 178737 18 179249 18 179760 19 180272 18 180784 18 181296 18 181807 19 182319 18 182831 17 183342 17 183854 15 184366 14 184877 15 185388 15 185899 16 186411 15 186922 15 187434 13 187946 12 188458 10 188970 9 189483 6
0f1f896d9ae5a04752d3239c690402c022db4d72c0d2c087d73380896f72c466,171790 4 172301 6 172812 9 173323 11 173835 13 174346 14 174858 16 175370 16 175882 17 176395 17 176908 17 177420 17 177933 17 178445 18 178958 19 179470 20 179982 20 180494 21 181007 21 181519 22 182032 22 182544 23 183057 23 183570 23 184082 23 184595 23 185107 24 185620 24 186132 24 186645 24 187157 25 187191 2 187670 24 187704 2 188183 24 188215 5 188696 23 188728 4 189208 24 189240 6 189721 23 189752 8 190233 24 190264 9 190746 24 190776 10 191258 25 191288 11 191771 25 191798 13 192285 39 192798 40 193311 39 193826 19 193847 6 193854 9 194338 19 194360 5 194366 10 194851 17 194874 14 195362 19 195386 15 195875 2 195878 1 195883 11 195899 14 196387 2 196395 11 196410 16 196899 1 196907 12 196922 17 197412 1 197418 33 197930 34 198439 39 198951 40 199462 42 199975 42 200487 43 201000 44 201512 44 202025 44 202538 44 203050 44 203563 44 204076 44 204590 42 205103 42 205616 42 206129 41 206642 40 207154 41 207666 12 207680 27 208180 9 208194 26 208694 7 208706 27 209208 5 209220 25 209722 2 209733 25 210246 25 210758 25 211270 26 211782 26 212295 25 212807 26 213319 26 213831 26 214343 25 214856 25 215368 24 215880 23 216392 22 216905 20 217418 17 217930 11 218443 9 218956 7
0f1f896d9ae5a04752d3239c690402c022db4d72c0d2c087d73380896f72c466,174707 4 175218 7 175728 10 176239 13 176750 15 177262 15 177774 16 178287 15 178801 14 179314 13 179811 4 179826 13 180322 6 180335 16 180834 29 181346 29 181850 3 181859 28 182360 7 182374 24 182872 7 182886 23 183384 8 183399 21 183896 9 183910 21 184410 8 184421 19 184924 25 185438 1 185440 17 185952 15 186466 12 186983 5
0f1f896d9ae5a04752d3239c690402c022db4d72c0d2c087d73380896f72c466,175915 1
0f1f896d9ae5a04752d3239c690402c022db4d72c0d2c087d73380896f72c466,178330 1 178332 1 178839 8 179349 10 179861 11 180372 12 180883 13 181395 14 181906 15 182418 15 182930 15 183442 15 183954 15 184466 15 184978 14 185491 13 186003 13 186515 13 187027 12 187539 12 188051 12 188564 11 189077 9 189589 8
0f1f896d9ae5a04752d3239c690402c022db4d72c0d2c087d73380896f72c466,182345 1
0f1f896d9ae5a04752d3239c690402c022db4d72c0d2c087d73380896f72c466,185413 1 185924 3 186435 3 186948 1
0f1f896d9ae5a04752d3239c690402c022db4d72c0d2c087d73380896f72c466,188417 3 188929 5 189441 7 189953 9 190465 10 190977 11 191489 12 192001 12 192513 12 193025 13 193537 13 194049 13 194561 13 195073 13 195585 14 196097 14 196609 15 197121 16 197633 16 198145 16 198657 15 199169 12 199681 10 200193 9 200705 9 201217 8
0f1f896d9ae5a04752d3239c690402c022db4d72c0d2c087d73380896f72c466,188496 7 189006 9 189518 9 190018 1 190029 10 190528 6 190538 6 191038 17 191549 18 192060 19 192571 20 193083 20 193595 21 194106 22 194617 22 195128 23 195640 21 196151 16 196168 5 196663 16 197175 15 197687 15 198199 15 198220 1 198712 15 198730 4 199225 22 199738 21 200251 20 200764 19 201276 19 201788 18 202300 9 202812 8 203324 6 203836 4
0f1f896d9ae5a04752d3239c690402c022db4d72c0d2c087d73380896f72c466,189016 1
0f1f896d9ae5a04752d3239c690402c022db4d72c0d2c087d73380896f72c466,191062 3 191575 2 192087 5 192599 9 193112 9 193626 8 194138 8 194651 6 195165 4
0f1f896d9ae5a04752d3239c690402c022db4d72c0d2c087d73380896f72c466,192232 2 192235 2 192742 12 193252 16 193763 18 194275 22 194786 25 195297 26 195809 27 196321 27 196833 27 197344 29 197855 30 198367 31 198879 31 199390 32 199902 32 200413 32 200925 32 201437 23 201462 6 201949 22 201976 3 202461 22 202488 3 202973 24 203000 3 203486 24 203511 5 203998 25 204024 5 204511 23 204535 6 205023 32 205057 2 205535 37 206047 37 206559 38 207071 17 207090 20 207583 18 207602 1 207604 19 208095 22 208118 17 208608 20 208630 18 209120 20 209143 18 209632 11 209644 9 209656 18 210145 8 210158 7 210168 19 210657 8 210670 8 210680 20 211170 6 211182 31 211683 4 211694 32 212207 32 212720 32 213232 32 213745 32 214258 31 214770 32 215282 34 215794 35 216306 35 216818 36 217331 35 217843 35 218355 34 218868 34 219381 34 219894 35 220408 35 220928 27 221441 25 221953 16 221970 7 222465 14 222977 12 223489 12 224001 11 224513 10 225025 8 225537 8 226050 7 226564 4
0f1f896d9ae5a04752d3239c690402c022db4d72c0d2c087d73380896f72c466,198927 5 198933 1 199438 11 199950 12 200462 13 200974 14 201486 14 201999 14 202512 13 203024 14 203536 15 204049 15 204560 16 205072 18 205584 19 206097 18 206609 19 207122 19 207635 18 208148 17 208661 17 209173 16 209686 15 210198 13 210711 12 211224 9 211736 8 212250 3
0f1f896d9ae5a04752d3239c690402c022db4d72c0d2c087d73380896f72c466,201903 1 202407 11 202919 16 203432 16 203944 17 204457 17 204969 18 205482 17 205994 17 206504 1 206506 17 207016 19 207528 19 208040 13 208057 2 208552 13 208569 2 209064 14 209082 1 209576 14 210087 14 210598 15 211110 15 211621 16 212133 16 212644 16 213156 15 213670 7
0f1f896d9ae5a04752d3239c690402c022db4d72c0d2c087d73380896f72c466,202388 5 202898 8 203409 8 203418 1 203920 9 204431 16 204943 17 205454 19 205966 18 206478 18 206991 17 207503 16 208016 15 208529 14 209041 13 209553 13 210065 12 210582 7 211096 4 211610 1
0f1f896d9ae5a04752d3239c690402c022db4d72c0d2c087d73380896f72c466,204368 4 204877 9 205387 13 205401 1 205897 18 206408 20 206919 21 207430 23 207940 25 208451 26 208961 28 209472 29 209983 30 210494 31 211005 31 211517 31 212028 31 212540 31 213052 30 213564 29 214075 29 214587 28 215099 27 215610 27 216122 26 216634 25 217147 17 217167 1 217659 14 218172 12 218685 10 219197 10 219710 8 220225 2
0f1f896d9ae5a04752d3239c690402c022db4d72c0d2c087d73380896f72c466,205858 6 206368 9 206879 11 207390 12 207896 19 208406 21 208917 23 209428 25 209939 27 210450 29 210962 29 211473 31 211985 31 212496 32 213008 33 213520 32 214031 33 214544 32 215055 33 215568 32 216080 31 216592 31 217104 31 217616 30 218129 29 218641 29 219153 28 219664 29 220177 27 220689 27 221201 26 221714 24 222227 22 222740 21 223252 20 223765 18 224277 16 224790 13 225303 10 225817 6
0f1f896d9ae5a04752d3239c690402c022db4d72c0d2c087d73380896f72c466,210618 2 211129 3 211640 5 212153 4 212665 4 213177 4 213690 2
0f1f896d9ae5a04752d3239c690402c022db4d72c0d2c087d73380896f72c466,214165 3 214676 6 215187 8 215700 9 216212 11 216726 8 217243 3
0f1f896d9ae5a04752d3239c690402c022db4d72c0d2c087d73380896f72c466,216747 2 217259 1
0f1f896d9ae5a04752d3239c690402c022db4d72c0d2c087d73380896f72c466,217820 5 218331 8 218842 11 219354 14 219866 15 220378 16 220889 18 221401 19 221913 19 222424 21 222936 22 223447 25 223958 27 224469 29 224980 31 225492 32 226004 33 226516 34 227028 35 227540 36 228052 36 228565 36 229077 36 229589 37 230102 36 230614 37 231127 36 231639 36 232152 34 232665 33 233178 32 233691 31 234203 32 234716 31 235229 30 235741 30 236254 28 236767 26 237280 12 237295 10 237794 9 237810 4 238309 6 238824 3
0f1f896d9ae5a04752d3239c690402c022db4d72c0d2c087d73380896f72c466,218932 1
0f1f896d9ae5a04752d3239c690402c022db4d72c0d2c087d73380896f72c466,221559 3 222070 7 222582 8 223095 8 223607 8 224120 7
0f1f896d9ae5a04752d3239c690402c022db4d72c0d2c087d73380896f72c466,221996 3 222506 7 223016 10 223525 13 224035 16 224545 19 225057 19 225568 20 226079 20 226591 18 226610 1 227102 17 227614 17 228125 18 228637 18 229148 19 229660 19 230172 19 230684 19 231196 20 231708 19 232220 20 232732 19 233244 19 233756 19 234269 18 234781 18 235294 16 235806 16 236319 14 236832 13 237345 11 237857 11 238370 9 238884 6 239398 3
0f1f896d9ae5a04752d3239c690402c022db4d72c0d2c087d73380896f72c466,222010 1
0f1f896d9ae5a04752d3239c690402c022db4d72c0d2c087d73380896f72c466,222363 6 222874 8 223386 9 223898 10 224411 9 224923 9 225435 9 225948 7 226461 6 226974 4
0f1f896d9ae5a04752d3239c690402c022db4d72c0d2c087d73380896f72c466,228917 5 229427 9 229937 12 230447 16 230958 18 231470 19 231981 20 232494 19 233006 19 233518 19 234030 19 234542 18 235055 16 235567 15 236080 13 236594 9
0f1f896d9ae5a04752d3239c690402c022db4d72c0d2c087d73380896f72c466,230090 3 230602 3 231113 5 231626 4 232138 4 232652 1
0f1f896d9ae5a04752d3239c690402c022db4d72c0d2c087d73380896f72c466,232243 3 232755 4 233267 4
0f1f896d9ae5a04752d3239c690402c022db4d72c0d2c087d73380896f72c466,239682 10 240192 13 240702 15 241211 18 241720 20 242228 24 242737 27 243244 31 243752 34 244263 34 244773 35 245284 35 245796 34 246307 34 246818 34 247328 36 247836 38 248346 39 248856 40 249367 39 249878 38 250390 37 250902 36 251414 35 251926 34 252438 33 252950 30 253463 28 253975 27 254488 25 255000 25 255513 22 256026 17 256539 13 257053 8
0f1f896d9ae5a04752d3239c690402c022db4d72c0d2c087d73380896f72c466,241335 3 241845 7 242356 9 242867 10 243379 11 243891 11 244403 11 244915 11 245426 12 245938 12 246450 13 246962 13 247473 14 247985 15 248497 15 249009 15 249521 16 250033 15 250544 17 251055 18 251567 18 252078 19 252590 19 253101 20 253613 20 254125 20 254638 19 255150 19 255662 19 256173 16 256192 1 256685 14 256704 2 257197 13 257216 3 257708 13 257727 6 258220 13 258239 8 258731 14 258751 8 259243 13 259263 7 259755 12 259775 6 260267 11 260287 6 260778 12 260800 5 261290 11 261311 6 261802 11 261824 5
0f1f896d9ae5a04752d3239c690402c022db4d72c0d2c087d73380896f72c466,244878 5 245390 12 245901 15 246412 17 246924 17 247436 17 247948 18 248460 19 248973 19 249485 20 249997 21 250509 22 251021 22 251533 22 252045 22 252558 22 253070 22 253582 23 254094 23 254606 23 255118 23 255630 24 256142 23 256655 23 257167 23 257680 22 258192 21 258704 21 259216 21 259727 21 260239 21 260751 21 261263 20 261776 20 262287 19 262800 18 263312 18 263824 18 264337 18 264849 18 265362 17 265874 17 266387 17 266900 16 267413 15 267926 14 268439 13 268952 13 269465 12 269977 12 270490 11 271003 10 271515 10 272028 9 272541 8 273054 7 273567 5 274080 4 274593 3
0f1f896d9ae5a04752d3239c690402c022db4d72c0d2c087d73380896f72c466,244966 4 245477 5 245991 4 246504 1
0f1f896d9ae5a04752d3239c690402c022db4d72c0d2c087d73380896f72c466,246485 4 246996 6 247508 7 248020 8 248031 1 248033 1 248532 15 249044 16 249557 16 249581 1 249583 2 250070 17 250090 9 250583 29 251096 28 251610 27 252122 28 252635 27 253148 27 253660 28 254173 27 254685 27 255198 27 255711 26 256224 25 256738 23 257252 20 257765 18 258278 17 258790 17 259303 15 259816 13 260328 11 260841 9 261354 7 261868 1 261870 1
0f1f896d9ae5a04752d3239c690402c022db4d72c0d2c087d73380896f72c466,256777 2 257290 2 257803 2
0f1f896d9ae5a04752d3239c690402c022db4d72c0d2c087d73380896f72c466,257739 1 257741 1 257743 1 258250 8 258760 10 259272 11 259786 10 260299 11 260810 13 261323 12 261834 1 261836 11
0f1f896d9ae5a04752d3239c690402c022db4d72c0d2c087d73380896f72c466,258576 1 259087 2 259600 2 260112 1 260624 1 261136 1 261648 1
0f1f896d9ae5a04752d3239c690402c022db4d72c0d2c087d73380896f72c466,258613 5 259125 5 259636 6 260148 5 260649 2 260652 7 260660 3 260664 1 261157 19 261668 15 261684 1 261686 1
0f1f896d9ae5a04752d3239c690402c022db4d72c0d2c087d73380896f72c466,259406 1 259408 1 259917 5 260430 5 260942 5 261454 5 261966 6
0f1f896d9ae5a04752d3239c690402c022db4d72c0d2c087d73380896f72c466,260936 2 261447 3 261958 3 261962 1
0f1f896d9ae5a04752d3239c690402c022db4d72c0d2c087d73380896f72c466,263687 7 264196 12 264705 17 265217 18 265729 18 266241 17 266753 17 267265 16 267777 15 268289 15 268801 14 269313 13 269825 12 270337 11 270849 10 271361 9 271873 8 272385 7 272897 6 273409 4 273921 3
0f1f896d9ae5a04752d3239c690402c022db4d72c0d2c087d73380896f72c466,265817 1 266329 2
0f1f896d9ae5a04752d3239c690402c022db4d72c0d2c087d73380896f72c466,270646 6 271156 10 271666 13 272178 14 272690 14 273201 15 273714 15 274226 15 274738 15 275250 15 275763 14 276275 15 276788 17 277303 14 277818 5 277826 1 277828 1 278331 2
0f1f896d9ae5a04752d3239c690402c022db4d72c0d2c087d73380896f72c466,309044 3 309556 3 310069 2
0f1f896d9ae5a04752d3239c690402c022db4d72c0d2c087d73380896f72c466,313093 2 313603 5 314113 7 314625 7 315137 7 315649 6 316161 6 316673 5 317185 4 317697 3 318209 2 318721 2
